url,verdict,coverageState,indexingState,robotsTxtState,lastCrawlTime,pageFetchState,googleCanonical,userCanonical,crawledAs,referringUrls
https://stats47.jp/blog/health-life-expectancy-structure,PASS,送信して登録されました,INDEXING_ALLOWED,ALLOWED,2026-04-15T21:03:55Z,SUCCESSFUL,https://stats47.jp/blog/health-life-expectancy-structure,https://stats47.jp/blog/health-life-expectancy-structure,MOBILE,1
https://stats47.jp/socialsecurity/medical-facilities/ranking/general-hospital-bed-occupancy-rate,NEUTRAL,クロール済み - インデックス未登録,INDEXING_ALLOWED,ALLOWED,2025-11-30T11:46:52Z,SUCCESSFUL,https://stats47.jp/socialsecurity/medical-facilities/ranking/general-hospital-bed-occupancy-rate,,MOBILE,1
https://stats47.jp/blog/price-index-high-low-prefecture,PASS,送信して登録されました,INDEXING_ALLOWED,ALLOWED,2026-04-18T06:46:25Z,SUCCESSFUL,https://stats47.jp/blog/price-index-high-low-prefecture,https://stats47.jp/blog/price-index-high-low-prefecture,MOBILE,0
https://stats47.jp/blog/university-advancement-capacity,PASS,送信して登録されました,INDEXING_ALLOWED,ALLOWED,2026-04-23T21:05:43Z,SUCCESSFUL,https://stats47.jp/blog/university-advancement-capacity,https://stats47.jp/blog/university-advancement-capacity,MOBILE,0
https://stats47.jp/blog/temperature-extremes-map,PASS,送信して登録されました,INDEXING_ALLOWED,ALLOWED,2026-04-16T15:48:22Z,SUCCESSFUL,https://stats47.jp/blog/temperature-extremes-map,https://stats47.jp/blog/temperature-extremes-map,MOBILE,0
https://stats47.jp/blog/park-green-space-gap,PASS,送信して登録されました,INDEXING_ALLOWED,ALLOWED,2026-03-29T02:17:11Z,SUCCESSFUL,https://stats47.jp/blog/park-green-space-gap,https://stats47.jp/blog/park-green-space-gap,MOBILE,0
https://stats47.jp/blog/consumer-price-regional-gap,PASS,送信して登録されました,INDEXING_ALLOWED,ALLOWED,2026-04-14T02:22:54Z,SUCCESSFUL,https://stats47.jp/blog/consumer-price-regional-gap,https://stats47.jp/blog/consumer-price-regional-gap,MOBILE,0
https://stats47.jp/blog/child-height-regional-gap,PASS,送信して登録されました,INDEXING_ALLOWED,ALLOWED,2026-04-13T19:45:19Z,SUCCESSFUL,https://stats47.jp/blog/child-height-regional-gap,https://stats47.jp/blog/child-height-regional-gap,MOBILE,0
https://stats47.jp/blog/manufacturing-aichi-dominance,PASS,送信して登録されました,INDEXING_ALLOWED,ALLOWED,2026-04-09T09:05:05Z,SUCCESSFUL,https://stats47.jp/blog/manufacturing-aichi-dominance,https://stats47.jp/blog/manufacturing-aichi-dominance,MOBILE,0
https://stats47.jp/blog/automotive-industry-transformation-map,PASS,送信して登録されました,INDEXING_ALLOWED,ALLOWED,2026-04-12T05:03:56Z,SUCCESSFUL,https://stats47.jp/blog/automotive-industry-transformation-map,https://stats47.jp/blog/automotive-industry-transformation-map,MOBILE,1
https://stats47.jp/blog/marriage-divorce-okinawa,PASS,送信して登録されました,INDEXING_ALLOWED,ALLOWED,2026-04-05T15:32:25Z,SUCCESSFUL,https://stats47.jp/blog/marriage-divorce-okinawa,https://stats47.jp/blog/marriage-divorce-okinawa,MOBILE,0
https://stats47.jp/blog/unemployment-structure,PASS,送信して登録されました,INDEXING_ALLOWED,ALLOWED,2026-04-18T20:51:53Z,SUCCESSFUL,https://stats47.jp/blog/unemployment-structure,https://stats47.jp/blog/unemployment-structure,MOBILE,0
https://stats47.jp/ranking/pasta-consumption-quantity,PASS,送信して登録されました,INDEXING_ALLOWED,ALLOWED,2026-04-23T22:50:22Z,SUCCESSFUL,https://stats47.jp/ranking/pasta-consumption-quantity,https://stats47.jp/ranking/pasta-consumption-quantity,MOBILE,0
https://stats47.jp/blog/population-density-urbanization,PASS,送信して登録されました,INDEXING_ALLOWED,ALLOWED,2026-04-20T15:48:30Z,SUCCESSFUL,https://stats47.jp/blog/population-density-urbanization,https://stats47.jp/blog/population-density-urbanization,MOBILE,0
https://stats47.jp/blog/fertility-rate-prefecture-gap,PASS,送信して登録されました,INDEXING_ALLOWED,ALLOWED,2026-04-14T02:21:11Z,SUCCESSFUL,https://stats47.jp/blog/fertility-rate-prefecture-gap,https://stats47.jp/blog/fertility-rate-prefecture-gap,MOBILE,0
https://stats47.jp/blog/engel-coefficient-prefecture-ranking,PASS,送信して登録されました,INDEXING_ALLOWED,ALLOWED,2026-03-30T07:39:10Z,SUCCESSFUL,https://stats47.jp/blog/engel-coefficient-prefecture-ranking,https://stats47.jp/blog/engel-coefficient-prefecture-ranking,MOBILE,0
https://stats47.jp/ranking/konbu-consumption-quantity,PASS,送信して登録されました,INDEXING_ALLOWED,ALLOWED,2026-04-16T23:34:35Z,SUCCESSFUL,https://stats47.jp/ranking/konbu-consumption-quantity,https://stats47.jp/ranking/konbu-consumption-quantity,MOBILE,0
https://stats47.jp/blog/convenience-store-density-map,PASS,送信して登録されました,INDEXING_ALLOWED,ALLOWED,2026-04-20T04:52:43Z,SUCCESSFUL,https://stats47.jp/blog/convenience-store-density-map,https://stats47.jp/blog/convenience-store-density-map,MOBILE,0
https://stats47.jp/blog/foreign-residents-diversity-map,PASS,送信して登録されました,INDEXING_ALLOWED,ALLOWED,2026-04-09T18:50:09Z,SUCCESSFUL,https://stats47.jp/blog/foreign-residents-diversity-map,https://stats47.jp/blog/foreign-residents-diversity-map,MOBILE,0
https://stats47.jp/blog/per-capita-income-gap,PASS,送信して登録されました,INDEXING_ALLOWED,ALLOWED,2026-04-14T14:59:44Z,SUCCESSFUL,https://stats47.jp/blog/per-capita-income-gap,https://stats47.jp/blog/per-capita-income-gap,MOBILE,0
https://stats47.jp/ranking/starting-salary-highschool,PASS,送信して登録されました,INDEXING_ALLOWED,ALLOWED,2026-04-17T15:29:40Z,SUCCESSFUL,https://stats47.jp/ranking/starting-salary-highschool,https://stats47.jp/ranking/starting-salary-highschool,MOBILE,0
https://stats47.jp/blog/birth-rate-fertility-ranking,NEUTRAL,ページにリダイレクトがあります,INDEXING_ALLOWED,ALLOWED,2026-04-10T00:46:13Z,SUCCESSFUL,https://stats47.jp/blog/fertility-rate-prefecture-gap,https://stats47.jp/blog/fertility-rate-prefecture-gap,MOBILE,1
https://stats47.jp/ranking/tofu-consumption-quantity,PASS,送信して登録されました,INDEXING_ALLOWED,ALLOWED,2026-04-22T16:21:57Z,SUCCESSFUL,https://stats47.jp/ranking/tofu-consumption-quantity,https://stats47.jp/ranking/tofu-consumption-quantity,MOBILE,0
https://stats47.jp/ranking/shochu-consumption-quantity,PASS,送信して登録されました,INDEXING_ALLOWED,ALLOWED,2026-04-22T13:12:09Z,SUCCESSFUL,https://stats47.jp/ranking/shochu-consumption-quantity,https://stats47.jp/ranking/shochu-consumption-quantity,MOBILE,0
https://stats47.jp/blog/firefighting-capacity-gap,PASS,送信して登録されました,INDEXING_ALLOWED,ALLOWED,2026-04-11T13:56:00Z,SUCCESSFUL,https://stats47.jp/blog/firefighting-capacity-gap,https://stats47.jp/blog/firefighting-capacity-gap,MOBILE,0
https://stats47.jp/blog/household-spending-prefecture-gap,PASS,送信して登録されました,INDEXING_ALLOWED,ALLOWED,2026-04-13T22:00:44Z,SUCCESSFUL,https://stats47.jp/blog/household-spending-prefecture-gap,https://stats47.jp/blog/household-spending-prefecture-gap,MOBILE,0
https://stats47.jp/blog/household-solo-vs-dualincome,PASS,送信して登録されました,INDEXING_ALLOWED,ALLOWED,2026-04-14T00:20:44Z,SUCCESSFUL,https://stats47.jp/blog/household-solo-vs-dualincome,https://stats47.jp/blog/household-solo-vs-dualincome,MOBILE,0
https://stats47.jp/blog/precipitation-snow-regional-gap,PASS,送信して登録されました,INDEXING_ALLOWED,ALLOWED,2026-04-13T20:31:18Z,SUCCESSFUL,https://stats47.jp/blog/precipitation-snow-regional-gap,https://stats47.jp/blog/precipitation-snow-regional-gap,MOBILE,0
https://stats47.jp/ranking/roadside-station-count,PASS,送信して登録されました,INDEXING_ALLOWED,ALLOWED,2026-04-22T19:27:58Z,SUCCESSFUL,https://stats47.jp/ranking/roadside-station-count,https://stats47.jp/ranking/roadside-station-count,MOBILE,0
https://stats47.jp/blog/local-government-debt-burden,PASS,送信して登録されました,INDEXING_ALLOWED,ALLOWED,2026-04-11T04:47:37Z,SUCCESSFUL,https://stats47.jp/blog/local-government-debt-burden,https://stats47.jp/blog/local-government-debt-burden,MOBILE,0
https://stats47.jp/blog/manufacturing-productivity-ranking,NEUTRAL,ページにリダイレクトがあります,INDEXING_ALLOWED,ALLOWED,2026-04-14T02:33:49Z,SUCCESSFUL,https://stats47.jp/blog/manufacturing-productivity,https://stats47.jp/blog/manufacturing-productivity,MOBILE,0
https://stats47.jp/blog/sunshine-pacific-vs-nihonkai,PASS,送信して登録されました,INDEXING_ALLOWED,ALLOWED,2026-04-09T09:46:16Z,SUCCESSFUL,https://stats47.jp/blog/sunshine-pacific-vs-nihonkai,https://stats47.jp/blog/sunshine-pacific-vs-nihonkai,MOBILE,0
https://stats47.jp/blog/cpi-change-regional-pattern,PASS,送信して登録されました,INDEXING_ALLOWED,ALLOWED,2026-03-30T19:16:55Z,SUCCESSFUL,https://stats47.jp/blog/cpi-change-regional-pattern,https://stats47.jp/blog/cpi-change-regional-pattern,MOBILE,0
https://stats47.jp/blog/sports-urban-paradox,PASS,送信して登録されました,INDEXING_ALLOWED,ALLOWED,2026-04-13T22:39:22Z,SUCCESSFUL,https://stats47.jp/blog/sports-urban-paradox,https://stats47.jp/blog/sports-urban-paradox,MOBILE,0
https://stats47.jp/ranking/road-total-length,PASS,送信して登録されました,INDEXING_ALLOWED,ALLOWED,2026-04-05T07:40:41Z,SUCCESSFUL,https://stats47.jp/ranking/road-total-length,https://stats47.jp/ranking/road-total-length,MOBILE,0
https://stats47.jp/blog/manufacturing-productivity,PASS,送信して登録されました,INDEXING_ALLOWED,ALLOWED,2026-04-14T02:33:49Z,SUCCESSFUL,https://stats47.jp/blog/manufacturing-productivity,https://stats47.jp/blog/manufacturing-productivity,MOBILE,0
https://stats47.jp/blog/fiscal-self-reliance-gap,PASS,送信して登録されました,INDEXING_ALLOWED,ALLOWED,2026-04-13T18:55:09Z,SUCCESSFUL,https://stats47.jp/blog/fiscal-self-reliance-gap,https://stats47.jp/blog/fiscal-self-reliance-gap,MOBILE,0
https://stats47.jp/ranking/miso-consumption-quantity,PASS,送信して登録されました,INDEXING_ALLOWED,ALLOWED,2026-04-17T11:10:30Z,SUCCESSFUL,https://stats47.jp/ranking/miso-consumption-quantity,https://stats47.jp/ranking/miso-consumption-quantity,MOBILE,0
https://stats47.jp/blog/crime-rate-regional-gap,PASS,送信して登録されました,INDEXING_ALLOWED,ALLOWED,2026-04-17T17:35:38Z,SUCCESSFUL,https://stats47.jp/blog/crime-rate-regional-gap,https://stats47.jp/blog/crime-rate-regional-gap,MOBILE,0
https://stats47.jp/blog/alcohol-prefecture-map,PASS,送信して登録されました,INDEXING_ALLOWED,ALLOWED,2026-04-24T12:44:03Z,SUCCESSFUL,https://stats47.jp/blog/alcohol-prefecture-map,https://stats47.jp/blog/alcohol-prefecture-map,MOBILE,0
https://stats47.jp/blog/marriage-unmarried-crisis,PASS,送信して登録されました,INDEXING_ALLOWED,ALLOWED,2026-04-09T10:49:35Z,SUCCESSFUL,https://stats47.jp/blog/marriage-unmarried-crisis,https://stats47.jp/blog/marriage-unmarried-crisis,MOBILE,0
https://stats47.jp/ranking/local-debt-current,PASS,送信して登録されました,INDEXING_ALLOWED,ALLOWED,2026-04-24T00:19:03Z,SUCCESSFUL,https://stats47.jp/ranking/local-debt-current,https://stats47.jp/ranking/local-debt-current,MOBILE,1
https://stats47.jp/ranking/ketchup-consumption-quantity,PASS,送信して登録されました,INDEXING_ALLOWED,ALLOWED,2026-04-17T06:26:16Z,SUCCESSFUL,https://stats47.jp/ranking/ketchup-consumption-quantity,https://stats47.jp/ranking/ketchup-consumption-quantity,MOBILE,0
https://stats47.jp/blog/inflation-rate-prefecture-gap,PASS,送信して登録されました,INDEXING_ALLOWED,ALLOWED,2026-04-09T19:30:18Z,SUCCESSFUL,https://stats47.jp/blog/inflation-rate-prefecture-gap,https://stats47.jp/blog/inflation-rate-prefecture-gap,MOBILE,0
https://stats47.jp/blog/household-structure-transformation,PASS,送信して登録されました,INDEXING_ALLOWED,ALLOWED,2026-04-09T16:44:04Z,SUCCESSFUL,https://stats47.jp/blog/household-structure-transformation,https://stats47.jp/blog/household-structure-transformation,MOBILE,0
https://stats47.jp/blog/overnight-guests-inbound-recovery,PASS,送信して登録されました,INDEXING_ALLOWED,ALLOWED,2026-04-07T21:06:30Z,SUCCESSFUL,https://stats47.jp/blog/overnight-guests-inbound-recovery,https://stats47.jp/blog/overnight-guests-inbound-recovery,MOBILE,0
https://stats47.jp/ranking/wheat-flour-consumption-quantity,PASS,送信して登録されました,INDEXING_ALLOWED,ALLOWED,2026-04-16T02:59:57Z,SUCCESSFUL,https://stats47.jp/ranking/wheat-flour-consumption-quantity,https://stats47.jp/ranking/wheat-flour-consumption-quantity,MOBILE,0
https://stats47.jp/blog/purchasing-power-adjusted,PASS,送信して登録されました,INDEXING_ALLOWED,ALLOWED,2026-04-03T01:18:01Z,SUCCESSFUL,https://stats47.jp/blog/purchasing-power-adjusted,https://stats47.jp/blog/purchasing-power-adjusted,MOBILE,0
https://stats47.jp/blog/barber-beauty-salon-regional-gap,PASS,送信して登録されました,INDEXING_ALLOWED,ALLOWED,2026-04-09T04:36:27Z,SUCCESSFUL,https://stats47.jp/blog/barber-beauty-salon-regional-gap,https://stats47.jp/blog/barber-beauty-salon-regional-gap,MOBILE,0
https://stats47.jp/ranking/inpatient-rate-per-100k,PASS,送信して登録されました,INDEXING_ALLOWED,ALLOWED,2026-04-24T14:21:11Z,SUCCESSFUL,https://stats47.jp/ranking/inpatient-rate-per-100k,https://stats47.jp/ranking/inpatient-rate-per-100k,MOBILE,0
https://stats47.jp/blog/commercial-sales-productivity-gap,PASS,送信して登録されました,INDEXING_ALLOWED,ALLOWED,2026-04-19T19:22:16Z,SUCCESSFUL,https://stats47.jp/blog/commercial-sales-productivity-gap,https://stats47.jp/blog/commercial-sales-productivity-gap,MOBILE,0
https://stats47.jp/blog/aging-solo-living-crisis,PASS,送信して登録されました,INDEXING_ALLOWED,ALLOWED,2026-04-09T05:12:14Z,SUCCESSFUL,https://stats47.jp/blog/aging-solo-living-crisis,https://stats47.jp/blog/aging-solo-living-crisis,MOBILE,0
https://stats47.jp/ranking/telework-rate,PASS,送信して登録されました,INDEXING_ALLOWED,ALLOWED,2026-04-04T15:13:36Z,SUCCESSFUL,https://stats47.jp/ranking/telework-rate,https://stats47.jp/ranking/telework-rate,MOBILE,0
https://stats47.jp/ranking/cake-consumption-expenditure,PASS,送信して登録されました,INDEXING_ALLOWED,ALLOWED,2026-04-22T21:32:59Z,SUCCESSFUL,https://stats47.jp/ranking/cake-consumption-expenditure,https://stats47.jp/ranking/cake-consumption-expenditure,MOBILE,0
https://stats47.jp/ranking/green-tea-consumption-quantity,PASS,送信して登録されました,INDEXING_ALLOWED,ALLOWED,2026-04-19T20:41:03Z,SUCCESSFUL,https://stats47.jp/ranking/green-tea-consumption-quantity,https://stats47.jp/ranking/green-tea-consumption-quantity,MOBILE,0
https://stats47.jp/ranking/pickled-daikon-consumption-quantity,PASS,送信して登録されました,INDEXING_ALLOWED,ALLOWED,2026-04-16T00:55:15Z,SUCCESSFUL,https://stats47.jp/ranking/pickled-daikon-consumption-quantity,https://stats47.jp/ranking/pickled-daikon-consumption-quantity,MOBILE,0
https://stats47.jp/ranking/sports-spectating-consumption-expenditure,PASS,送信して登録されました,INDEXING_ALLOWED,ALLOWED,2026-04-18T18:49:07Z,SUCCESSFUL,https://stats47.jp/ranking/sports-spectating-consumption-expenditure,https://stats47.jp/ranking/sports-spectating-consumption-expenditure,MOBILE,0
https://stats47.jp/ranking/fresh-udon-soba-consumption-quantity,NEUTRAL,クロール済み - インデックス未登録,INDEXING_ALLOWED,ALLOWED,2026-04-16T11:29:19Z,SUCCESSFUL,https://stats47.jp/ranking/fresh-udon-soba-consumption-quantity,https://stats47.jp/ranking/fresh-udon-soba-consumption-quantity,MOBILE,0
https://stats47.jp/ranking/starting-salary-university,PASS,送信して登録されました,INDEXING_ALLOWED,ALLOWED,2026-04-15T07:43:35Z,SUCCESSFUL,https://stats47.jp/ranking/starting-salary-university,https://stats47.jp/ranking/starting-salary-university,MOBILE,0
https://stats47.jp/ranking/potato-consumption-quantity,PASS,送信して登録されました,INDEXING_ALLOWED,ALLOWED,2026-04-22T00:39:45Z,SUCCESSFUL,https://stats47.jp/ranking/potato-consumption-quantity,https://stats47.jp/ranking/potato-consumption-quantity,MOBILE,0
https://stats47.jp/ranking/tissue-paper-consumption-expenditure,PASS,送信して登録されました,INDEXING_ALLOWED,ALLOWED,2026-04-13T23:54:11Z,SUCCESSFUL,https://stats47.jp/ranking/tissue-paper-consumption-expenditure,https://stats47.jp/ranking/tissue-paper-consumption-expenditure,MOBILE,0
https://stats47.jp/ranking/other-mushroom-consumption-quantity,PASS,送信して登録されました,INDEXING_ALLOWED,ALLOWED,2026-04-12T08:10:44Z,SUCCESSFUL,https://stats47.jp/ranking/other-mushroom-consumption-quantity,https://stats47.jp/ranking/other-mushroom-consumption-quantity,MOBILE,0
https://stats47.jp/ranking/hamburger-consumption-expenditure,PASS,送信して登録されました,INDEXING_ALLOWED,ALLOWED,2026-04-23T20:40:24Z,SUCCESSFUL,https://stats47.jp/ranking/hamburger-consumption-expenditure,https://stats47.jp/ranking/hamburger-consumption-expenditure,MOBILE,0
https://stats47.jp/blog/local-tax-revenue-gap,PASS,送信して登録されました,INDEXING_ALLOWED,ALLOWED,2026-04-14T04:58:24Z,SUCCESSFUL,https://stats47.jp/blog/local-tax-revenue-gap,https://stats47.jp/blog/local-tax-revenue-gap,MOBILE,0
https://stats47.jp/blog/local-tax-regional-gap,PASS,送信して登録されました,INDEXING_ALLOWED,ALLOWED,2026-04-09T09:23:50Z,SUCCESSFUL,https://stats47.jp/blog/local-tax-regional-gap,https://stats47.jp/blog/local-tax-regional-gap,MOBILE,0
https://stats47.jp/blog/wage-vs-living-cost,PASS,送信して登録されました,INDEXING_ALLOWED,ALLOWED,2026-04-12T01:15:53Z,SUCCESSFUL,https://stats47.jp/blog/wage-vs-living-cost,https://stats47.jp/blog/wage-vs-living-cost,MOBILE,0
https://stats47.jp/ranking/outpatient-rate-per-100k,PASS,送信して登録されました,INDEXING_ALLOWED,ALLOWED,2026-04-17T16:59:39Z,SUCCESSFUL,https://stats47.jp/ranking/outpatient-rate-per-100k,https://stats47.jp/ranking/outpatient-rate-per-100k,MOBILE,0
https://stats47.jp/ranking/bus-commuter-pass-consumption-expenditure,PASS,送信して登録されました,INDEXING_ALLOWED,ALLOWED,2026-04-15T08:47:08Z,SUCCESSFUL,https://stats47.jp/ranking/bus-commuter-pass-consumption-expenditure,https://stats47.jp/ranking/bus-commuter-pass-consumption-expenditure,MOBILE,0
https://stats47.jp/blog/waiting-children-progress,PASS,送信して登録されました,INDEXING_ALLOWED,ALLOWED,2026-04-14T02:25:22Z,SUCCESSFUL,https://stats47.jp/blog/waiting-children-progress,https://stats47.jp/blog/waiting-children-progress,MOBILE,0
https://stats47.jp/blog/nursing-care-shortage-2040,PASS,送信して登録されました,INDEXING_ALLOWED,ALLOWED,2026-04-09T19:31:20Z,SUCCESSFUL,https://stats47.jp/blog/nursing-care-shortage-2040,https://stats47.jp/blog/nursing-care-shortage-2040,MOBILE,0
https://stats47.jp/blog/food-spending-pattern,PASS,送信して登録されました,INDEXING_ALLOWED,ALLOWED,2026-04-11T09:35:27Z,SUCCESSFUL,https://stats47.jp/blog/food-spending-pattern,https://stats47.jp/blog/food-spending-pattern,MOBILE,0
https://stats47.jp/blog/suicide-rate-aging-nexus,PASS,送信して登録されました,INDEXING_ALLOWED,ALLOWED,2026-04-09T04:02:19Z,SUCCESSFUL,https://stats47.jp/blog/suicide-rate-aging-nexus,https://stats47.jp/blog/suicide-rate-aging-nexus,MOBILE,0
https://stats47.jp/,PASS,送信して登録されました,INDEXING_ALLOWED,ALLOWED,2026-04-24T13:26:42Z,SUCCESSFUL,https://stats47.jp/,https://stats47.jp/,MOBILE,1
https://stats47.jp/ranking/tomato-consumption-quantity,PASS,送信して登録されました,INDEXING_ALLOWED,ALLOWED,2026-04-15T05:36:57Z,SUCCESSFUL,https://stats47.jp/ranking/tomato-consumption-quantity,https://stats47.jp/ranking/tomato-consumption-quantity,MOBILE,0
https://stats47.jp/ranking/dairy-cattle-count,PASS,送信して登録されました,INDEXING_ALLOWED,ALLOWED,2026-04-23T21:15:58Z,SUCCESSFUL,https://stats47.jp/ranking/dairy-cattle-count,https://stats47.jp/ranking/dairy-cattle-count,MOBILE,1
https://stats47.jp/ranking/tennis-court-public,PASS,送信して登録されました,INDEXING_ALLOWED,ALLOWED,2026-04-16T11:08:30Z,SUCCESSFUL,https://stats47.jp/ranking/tennis-court-public,https://stats47.jp/ranking/tennis-court-public,MOBILE,1
https://stats47.jp/ranking/yogurt-consumption-expenditure,PASS,送信して登録されました,INDEXING_ALLOWED,ALLOWED,2026-04-14T03:34:40Z,SUCCESSFUL,https://stats47.jp/ranking/yogurt-consumption-expenditure,https://stats47.jp/ranking/yogurt-consumption-expenditure,MOBILE,0
https://stats47.jp/blog/real-purchasing-power-ranking,NEUTRAL,ページにリダイレクトがあります,INDEXING_ALLOWED,ALLOWED,2026-04-03T01:18:01Z,SUCCESSFUL,https://stats47.jp/blog/purchasing-power-adjusted,https://stats47.jp/blog/purchasing-power-adjusted,MOBILE,1
https://stats47.jp/blog/pollution-complaints-regional-map,PASS,送信して登録されました,INDEXING_ALLOWED,ALLOWED,2026-04-13T22:07:33Z,SUCCESSFUL,https://stats47.jp/blog/pollution-complaints-regional-map,https://stats47.jp/blog/pollution-complaints-regional-map,MOBILE,0
https://stats47.jp/blog/water-sewage-crisis,PASS,送信して登録されました,INDEXING_ALLOWED,ALLOWED,2026-04-14T17:57:38Z,SUCCESSFUL,https://stats47.jp/blog/water-sewage-crisis,https://stats47.jp/blog/water-sewage-crisis,MOBILE,1
https://stats47.jp/ranking/pots-kettles-consumption-expenditure,PASS,送信して登録されました,INDEXING_ALLOWED,ALLOWED,2026-04-21T02:10:18Z,SUCCESSFUL,https://stats47.jp/ranking/pots-kettles-consumption-expenditure,https://stats47.jp/ranking/pots-kettles-consumption-expenditure,MOBILE,1
https://stats47.jp/ranking/cabbage-consumption-quantity,PASS,送信して登録されました,INDEXING_ALLOWED,ALLOWED,2026-04-23T17:52:10Z,SUCCESSFUL,https://stats47.jp/ranking/cabbage-consumption-quantity,https://stats47.jp/ranking/cabbage-consumption-quantity,MOBILE,0
https://stats47.jp/ranking/swimming-pool-public,PASS,送信して登録されました,INDEXING_ALLOWED,ALLOWED,2026-04-16T07:51:14Z,SUCCESSFUL,https://stats47.jp/ranking/swimming-pool-public,https://stats47.jp/ranking/swimming-pool-public,MOBILE,1
https://stats47.jp/ranking/daikon-consumption-expenditure,PASS,送信して登録されました,INDEXING_ALLOWED,ALLOWED,2026-04-15T05:10:51Z,SUCCESSFUL,https://stats47.jp/ranking/daikon-consumption-expenditure,https://stats47.jp/ranking/daikon-consumption-expenditure,MOBILE,0
https://stats47.jp/ranking/total-fertility-rate,PASS,送信して登録されました,INDEXING_ALLOWED,ALLOWED,2026-04-14T03:52:10Z,SUCCESSFUL,https://stats47.jp/ranking/total-fertility-rate,https://stats47.jp/ranking/total-fertility-rate,MOBILE,1
https://stats47.jp/areas/33000/population,PASS,送信して登録されました,INDEXING_ALLOWED,ALLOWED,2026-04-17T17:45:15Z,SUCCESSFUL,https://stats47.jp/areas/33000/population,https://stats47.jp/areas/33000/population,MOBILE,1
https://stats47.jp/ranking/strawberry-consumption-quantity,PASS,送信して登録されました,INDEXING_ALLOWED,ALLOWED,2026-04-24T00:01:46Z,SUCCESSFUL,https://stats47.jp/ranking/strawberry-consumption-quantity,https://stats47.jp/ranking/strawberry-consumption-quantity,MOBILE,0
https://stats47.jp/blog/vacant-house-crisis,PASS,送信して登録されました,INDEXING_ALLOWED,ALLOWED,2026-04-19T01:04:07Z,SUCCESSFUL,https://stats47.jp/blog/vacant-house-crisis,https://stats47.jp/blog/vacant-house-crisis,MOBILE,0
https://stats47.jp/educationsports/college-university/ranking/private-university-student-ratio,NEUTRAL,クロール済み - インデックス未登録,INDEXING_ALLOWED,ALLOWED,2025-12-03T17:30:01Z,SUCCESSFUL,https://stats47.jp/educationsports/college-university/ranking/private-university-student-ratio,,MOBILE,1
https://stats47.jp/ranking/bonito-consumption-quantity,PASS,送信して登録されました,INDEXING_ALLOWED,ALLOWED,2026-04-14T08:58:27Z,SUCCESSFUL,https://stats47.jp/ranking/bonito-consumption-quantity,https://stats47.jp/ranking/bonito-consumption-quantity,MOBILE,0
https://stats47.jp/ranking/wind-power-turbine-count,PASS,送信して登録されました,INDEXING_ALLOWED,ALLOWED,2026-04-18T17:59:07Z,SUCCESSFUL,https://stats47.jp/ranking/wind-power-turbine-count,https://stats47.jp/ranking/wind-power-turbine-count,MOBILE,0
https://stats47.jp/blog/library-museum-cultural-capital,PASS,送信して登録されました,INDEXING_ALLOWED,ALLOWED,2026-04-15T18:27:06Z,SUCCESSFUL,https://stats47.jp/blog/library-museum-cultural-capital,https://stats47.jp/blog/library-museum-cultural-capital,MOBILE,1
https://stats47.jp/ranking/squid-consumption-quantity,PASS,送信して登録されました,INDEXING_ALLOWED,ALLOWED,2026-04-23T21:03:45Z,SUCCESSFUL,https://stats47.jp/ranking/squid-consumption-quantity,https://stats47.jp/ranking/squid-consumption-quantity,MOBILE,0
https://stats47.jp/blog/school-nonattendance-pattern,PASS,送信して登録されました,INDEXING_ALLOWED,ALLOWED,2026-04-13T22:46:30Z,SUCCESSFUL,https://stats47.jp/blog/school-nonattendance-pattern,https://stats47.jp/blog/school-nonattendance-pattern,MOBILE,0
https://stats47.jp/commercial/commerce-service-industry/ranking/barber-beauty-salon-count-per-100k?year=2022,NEUTRAL,クロール済み - インデックス未登録,INDEXING_ALLOWED,ALLOWED,2025-12-04T10:28:17Z,SUCCESSFUL,https://stats47.jp/commercial/commerce-service-industry/ranking/barber-beauty-salon-count-per-100k?year=2022,,MOBILE,1
https://stats47.jp/ranking/wakame-consumption-quantity,PASS,送信して登録されました,INDEXING_ALLOWED,ALLOWED,2026-04-15T18:54:22Z,SUCCESSFUL,https://stats47.jp/ranking/wakame-consumption-quantity,https://stats47.jp/ranking/wakame-consumption-quantity,MOBILE,0
https://stats47.jp/ranking/psychiatric-hospital-count-per-100k,NEUTRAL,見つかりませんでした（404）,INDEXING_STATE_UNSPECIFIED,ALLOWED,2026-01-13T23:43:56Z,NOT_FOUND,,,MOBILE,1
https://stats47.jp/ranking/eggplant-consumption-quantity,PASS,送信して登録されました,INDEXING_ALLOWED,ALLOWED,2026-04-22T15:56:05Z,SUCCESSFUL,https://stats47.jp/ranking/eggplant-consumption-quantity,https://stats47.jp/ranking/eggplant-consumption-quantity,MOBILE,0
https://stats47.jp/areas,PASS,送信して登録されました,INDEXING_ALLOWED,ALLOWED,2026-04-22T23:06:41Z,SUCCESSFUL,https://stats47.jp/areas,https://stats47.jp/areas,MOBILE,1
https://stats47.jp/blog,PASS,送信して登録されました,INDEXING_ALLOWED,ALLOWED,2026-04-14T13:38:55Z,SUCCESSFUL,https://stats47.jp/blog,https://stats47.jp/blog,MOBILE,3
https://stats47.jp/blog/aging-rate-akita-vs-okinawa,PASS,送信して登録されました,INDEXING_ALLOWED,ALLOWED,2026-04-13T23:46:28Z,SUCCESSFUL,https://stats47.jp/blog/aging-rate-akita-vs-okinawa,https://stats47.jp/blog/aging-rate-akita-vs-okinawa,MOBILE,0
https://stats47.jp/blog/occupation-income-gap-pilot-vs-careworker,PASS,送信して登録されました,INDEXING_ALLOWED,ALLOWED,2026-04-22T17:52:57Z,SUCCESSFUL,https://stats47.jp/blog/occupation-income-gap-pilot-vs-careworker,https://stats47.jp/blog/occupation-income-gap-pilot-vs-careworker,MOBILE,0
https://stats47.jp/ranking/kerosene-consumption-quantity,PASS,送信して登録されました,INDEXING_ALLOWED,ALLOWED,2026-04-02T07:19:24Z,SUCCESSFUL,https://stats47.jp/ranking/kerosene-consumption-quantity,https://stats47.jp/ranking/kerosene-consumption-quantity,MOBILE,0
https://stats47.jp/areas/15000/population,PASS,送信して登録されました,INDEXING_ALLOWED,ALLOWED,2026-03-31T12:07:02Z,SUCCESSFUL,https://stats47.jp/areas/15000/population,https://stats47.jp/areas/15000/population,MOBILE,1
https://stats47.jp/areas/17000/cities/17212,PASS,送信して登録されました,INDEXING_ALLOWED,ALLOWED,2026-03-22T13:07:45Z,SUCCESSFUL,https://stats47.jp/areas/17000/cities/17212,https://stats47.jp/areas/17000/cities/17212,MOBILE,1
https://stats47.jp/educationsports/college-university/ranking/final-education-university-graduate-school-ratio,NEUTRAL,クロール済み - インデックス未登録,INDEXING_ALLOWED,ALLOWED,2025-12-02T09:13:11Z,SUCCESSFUL,https://stats47.jp/educationsports/college-university/ranking/final-education-university-graduate-school-ratio,,MOBILE,1
https://stats47.jp/landweather/weather-climate/ranking/annual-precipitation-days,NEUTRAL,クロール済み - インデックス未登録,INDEXING_ALLOWED,ALLOWED,2025-11-25T05:29:52Z,SUCCESSFUL,https://stats47.jp/landweather/weather-climate/ranking/annual-precipitation-days,,MOBILE,1
https://stats47.jp/ranking/department-supermarket-count-per-100k,PASS,送信して登録されました,INDEXING_ALLOWED,ALLOWED,2026-03-31T22:50:52Z,SUCCESSFUL,https://stats47.jp/ranking/department-supermarket-count-per-100k,https://stats47.jp/ranking/department-supermarket-count-per-100k,MOBILE,1
https://stats47.jp/ranking/dried-udon-soba-consumption-quantity,PASS,送信して登録されました,INDEXING_ALLOWED,ALLOWED,2026-04-23T18:06:18Z,SUCCESSFUL,https://stats47.jp/ranking/dried-udon-soba-consumption-quantity,https://stats47.jp/ranking/dried-udon-soba-consumption-quantity,MOBILE,0
https://stats47.jp/survey/kakei-chousa,PASS,送信して登録されました,INDEXING_ALLOWED,ALLOWED,2026-04-23T19:26:00Z,SUCCESSFUL,https://stats47.jp/survey/kakei-chousa,https://stats47.jp/survey/kakei-chousa,MOBILE,1
https://stats47.jp/ranking/sugar-consumption-expenditure,PASS,送信して登録されました,INDEXING_ALLOWED,ALLOWED,2026-04-25T03:52:23Z,SUCCESSFUL,https://stats47.jp/ranking/sugar-consumption-expenditure,https://stats47.jp/ranking/sugar-consumption-expenditure,MOBILE,0
https://stats47.jp/ranking/sushi-dining-consumption-expenditure,PASS,送信して登録されました,INDEXING_ALLOWED,ALLOWED,2026-04-14T01:26:40Z,SUCCESSFUL,https://stats47.jp/ranking/sushi-dining-consumption-expenditure,https://stats47.jp/ranking/sushi-dining-consumption-expenditure,MOBILE,0
https://stats47.jp/blog/livable-prefecture-composite-ranking,PASS,送信して登録されました,INDEXING_ALLOWED,ALLOWED,2026-04-14T04:38:16Z,SUCCESSFUL,https://stats47.jp/blog/livable-prefecture-composite-ranking,https://stats47.jp/blog/livable-prefecture-composite-ranking,MOBILE,1
https://stats47.jp/blog/ryokan-vs-hotel-overnight-shift,PASS,送信して登録されました,INDEXING_ALLOWED,ALLOWED,2026-04-11T17:55:28Z,SUCCESSFUL,https://stats47.jp/blog/ryokan-vs-hotel-overnight-shift,https://stats47.jp/blog/ryokan-vs-hotel-overnight-shift,MOBILE,0
https://stats47.jp/ranking/chikuwa-consumption-expenditure,PASS,送信して登録されました,INDEXING_ALLOWED,ALLOWED,2026-04-21T13:21:44Z,SUCCESSFUL,https://stats47.jp/ranking/chikuwa-consumption-expenditure,https://stats47.jp/ranking/chikuwa-consumption-expenditure,MOBILE,0
https://stats47.jp/ranking/large-retail-store-count-per-100k,PASS,送信して登録されました,INDEXING_ALLOWED,ALLOWED,2026-04-23T22:58:59Z,SUCCESSFUL,https://stats47.jp/ranking/large-retail-store-count-per-100k,https://stats47.jp/ranking/large-retail-store-count-per-100k,MOBILE,1
https://stats47.jp/ranking/pickled-plum-consumption-quantity,PASS,送信して登録されました,INDEXING_ALLOWED,ALLOWED,2026-04-15T09:13:56Z,SUCCESSFUL,https://stats47.jp/ranking/pickled-plum-consumption-quantity,https://stats47.jp/ranking/pickled-plum-consumption-quantity,MOBILE,0
https://stats47.jp/ranking/road-general-prefectural-length,PASS,送信して登録されました,INDEXING_ALLOWED,ALLOWED,2026-04-02T08:08:17Z,SUCCESSFUL,https://stats47.jp/ranking/road-general-prefectural-length,https://stats47.jp/ranking/road-general-prefectural-length,MOBILE,0
https://stats47.jp/blog/expenditure-structure-comparison,PASS,送信して登録されました,INDEXING_ALLOWED,ALLOWED,2026-04-16T03:52:01Z,SUCCESSFUL,https://stats47.jp/blog/expenditure-structure-comparison,https://stats47.jp/blog/expenditure-structure-comparison,MOBILE,0
https://stats47.jp/ranking/bacon-consumption-quantity,PASS,送信して登録されました,INDEXING_ALLOWED,ALLOWED,2026-04-23T17:55:06Z,SUCCESSFUL,https://stats47.jp/ranking/bacon-consumption-quantity,https://stats47.jp/ranking/bacon-consumption-quantity,MOBILE,0
https://stats47.jp/ranking/potato-consumption-expenditure,PASS,送信して登録されました,INDEXING_ALLOWED,ALLOWED,2026-04-25T01:42:29Z,SUCCESSFUL,https://stats47.jp/ranking/potato-consumption-expenditure,https://stats47.jp/ranking/potato-consumption-expenditure,MOBILE,0
https://stats47.jp/ranking/soy-sauce-consumption-quantity,PASS,送信して登録されました,INDEXING_ALLOWED,ALLOWED,2026-04-23T18:02:56Z,SUCCESSFUL,https://stats47.jp/ranking/soy-sauce-consumption-quantity,https://stats47.jp/ranking/soy-sauce-consumption-quantity,MOBILE,0
https://stats47.jp/ranking/croquette-consumption-expenditure,PASS,送信して登録されました,INDEXING_ALLOWED,ALLOWED,2026-04-12T02:19:16Z,SUCCESSFUL,https://stats47.jp/ranking/croquette-consumption-expenditure,https://stats47.jp/ranking/croquette-consumption-expenditure,MOBILE,0
https://stats47.jp/ranking/chocolate-snack-consumption-expenditure,PASS,送信して登録されました,INDEXING_ALLOWED,ALLOWED,2026-04-22T14:10:50Z,SUCCESSFUL,https://stats47.jp/ranking/chocolate-snack-consumption-expenditure,https://stats47.jp/ranking/chocolate-snack-consumption-expenditure,MOBILE,0
https://stats47.jp/ranking/burdock-consumption-expenditure,PASS,送信して登録されました,INDEXING_ALLOWED,ALLOWED,2026-04-13T14:47:01Z,SUCCESSFUL,https://stats47.jp/ranking/burdock-consumption-expenditure,https://stats47.jp/ranking/burdock-consumption-expenditure,MOBILE,0
https://stats47.jp/survey/school-basic-survey,PASS,送信して登録されました,INDEXING_ALLOWED,ALLOWED,2026-04-14T03:46:18Z,SUCCESSFUL,https://stats47.jp/survey/school-basic-survey,https://stats47.jp/survey/school-basic-survey,MOBILE,0
https://stats47.jp/ranking/leek-consumption-quantity,PASS,送信して登録されました,INDEXING_ALLOWED,ALLOWED,2026-04-13T14:40:32Z,SUCCESSFUL,https://stats47.jp/ranking/leek-consumption-quantity,https://stats47.jp/ranking/leek-consumption-quantity,MOBILE,0
https://stats47.jp/areas/14000/cities/14207,PASS,送信して登録されました,INDEXING_ALLOWED,ALLOWED,2026-03-20T02:13:35Z,SUCCESSFUL,https://stats47.jp/areas/14000/cities/14207,https://stats47.jp/areas/14000/cities/14207,MOBILE,0
https://stats47.jp/ranking/other-allowance-consumption-expenditure,PASS,送信して登録されました,INDEXING_ALLOWED,ALLOWED,2026-04-22T23:25:29Z,SUCCESSFUL,https://stats47.jp/ranking/other-allowance-consumption-expenditure,https://stats47.jp/ranking/other-allowance-consumption-expenditure,MOBILE,0
https://stats47.jp/ranking/whisky-consumption-quantity,PASS,送信して登録されました,INDEXING_ALLOWED,ALLOWED,2026-04-14T05:08:12Z,SUCCESSFUL,https://stats47.jp/ranking/whisky-consumption-quantity,https://stats47.jp/ranking/whisky-consumption-quantity,MOBILE,0
https://stats47.jp/ranking/wine-consumption-quantity,PASS,送信して登録されました,INDEXING_ALLOWED,ALLOWED,2026-04-14T03:07:02Z,SUCCESSFUL,https://stats47.jp/ranking/wine-consumption-quantity,https://stats47.jp/ranking/wine-consumption-quantity,MOBILE,0
https://stats47.jp/areas/23000/cities/23209,PASS,送信して登録されました,INDEXING_ALLOWED,ALLOWED,2026-03-23T05:13:57Z,SUCCESSFUL,https://stats47.jp/areas/23000/cities/23209,https://stats47.jp/areas/23000/cities/23209,MOBILE,0
https://stats47.jp/blog/population-migration-tokyo-concentration,PASS,送信して登録されました,INDEXING_ALLOWED,ALLOWED,2026-04-12T16:39:00Z,SUCCESSFUL,https://stats47.jp/blog/population-migration-tokyo-concentration,https://stats47.jp/blog/population-migration-tokyo-concentration,MOBILE,1
https://stats47.jp/ranking/current-liabilities-balance-multi-person-households-per-household,PASS,送信して登録されました,INDEXING_ALLOWED,ALLOWED,2026-03-31T17:16:52Z,SUCCESSFUL,https://stats47.jp/ranking/current-liabilities-balance-multi-person-households-per-household,https://stats47.jp/ranking/current-liabilities-balance-multi-person-households-per-household,MOBILE,1
https://stats47.jp/ranking/ketchup-consumption-expenditure,PASS,送信して登録されました,INDEXING_ALLOWED,ALLOWED,2026-04-22T18:53:00Z,SUCCESSFUL,https://stats47.jp/ranking/ketchup-consumption-expenditure,https://stats47.jp/ranking/ketchup-consumption-expenditure,MOBILE,0
https://stats47.jp/ranking/pudding-consumption-expenditure,PASS,送信して登録されました,INDEXING_ALLOWED,ALLOWED,2026-04-14T02:26:00Z,SUCCESSFUL,https://stats47.jp/ranking/pudding-consumption-expenditure,https://stats47.jp/ranking/pudding-consumption-expenditure,MOBILE,0
https://stats47.jp/ranking/total-overnight-guests-foreign,PASS,送信して登録されました,INDEXING_ALLOWED,ALLOWED,2026-04-23T23:59:32Z,SUCCESSFUL,https://stats47.jp/ranking/total-overnight-guests-foreign,https://stats47.jp/ranking/total-overnight-guests-foreign,MOBILE,0
https://stats47.jp/tag/industrial-statistics,PASS,送信して登録されました,INDEXING_ALLOWED,ALLOWED,2026-04-13T16:25:32Z,SUCCESSFUL,https://stats47.jp/tag/industrial-statistics,https://stats47.jp/tag/industrial-statistics,MOBILE,0
https://stats47.jp/blog/birth-death-gap-decline,PASS,送信して登録されました,INDEXING_ALLOWED,ALLOWED,2026-04-13T20:28:00Z,SUCCESSFUL,https://stats47.jp/blog/birth-death-gap-decline,https://stats47.jp/blog/birth-death-gap-decline,MOBILE,0
https://stats47.jp/energy/industrial-water/dashboard/26000,NEUTRAL,クロール済み - インデックス未登録,INDEXING_ALLOWED,ALLOWED,2026-03-09T16:06:11Z,SUCCESSFUL,https://stats47.jp/energy/industrial-water/dashboard/26000,https://stats47.jp/areas/26000,MOBILE,1
https://stats47.jp/ranking/jam-consumption-expenditure,PASS,送信して登録されました,INDEXING_ALLOWED,ALLOWED,2026-04-14T08:35:32Z,SUCCESSFUL,https://stats47.jp/ranking/jam-consumption-expenditure,https://stats47.jp/ranking/jam-consumption-expenditure,MOBILE,0
https://stats47.jp/ranking/number-of-hotel-rooms,PASS,送信して登録されました,INDEXING_ALLOWED,ALLOWED,2026-04-02T14:40:32Z,SUCCESSFUL,https://stats47.jp/ranking/number-of-hotel-rooms,https://stats47.jp/ranking/number-of-hotel-rooms,MOBILE,1
https://stats47.jp/areas/17000/cities/17207,PASS,送信して登録されました,INDEXING_ALLOWED,ALLOWED,2026-03-16T09:12:42Z,SUCCESSFUL,https://stats47.jp/areas/17000/cities/17207,https://stats47.jp/areas/17000/cities/17207,MOBILE,1
https://stats47.jp/ranking/laundry-detergent-consumption-expenditure,PASS,送信して登録されました,INDEXING_ALLOWED,ALLOWED,2026-04-15T08:31:03Z,SUCCESSFUL,https://stats47.jp/ranking/laundry-detergent-consumption-expenditure,https://stats47.jp/ranking/laundry-detergent-consumption-expenditure,MOBILE,0
https://stats47.jp/ranking/onion-consumption-quantity,PASS,送信して登録されました,INDEXING_ALLOWED,ALLOWED,2026-04-14T00:38:58Z,SUCCESSFUL,https://stats47.jp/ranking/onion-consumption-quantity,https://stats47.jp/ranking/onion-consumption-quantity,MOBILE,0
https://stats47.jp/ranking/other-bread-consumption-quantity,PASS,送信して登録されました,INDEXING_ALLOWED,ALLOWED,2026-04-16T03:16:10Z,SUCCESSFUL,https://stats47.jp/ranking/other-bread-consumption-quantity,https://stats47.jp/ranking/other-bread-consumption-quantity,MOBILE,0
https://stats47.jp/ranking/coffee-consumption-quantity,PASS,送信して登録されました,INDEXING_ALLOWED,ALLOWED,2026-04-15T05:28:14Z,SUCCESSFUL,https://stats47.jp/ranking/coffee-consumption-quantity,https://stats47.jp/ranking/coffee-consumption-quantity,MOBILE,0
https://stats47.jp/ranking/sewage-treatment-coverage-rate,PASS,送信して登録されました,INDEXING_ALLOWED,ALLOWED,2026-04-09T23:34:18Z,SUCCESSFUL,https://stats47.jp/ranking/sewage-treatment-coverage-rate,https://stats47.jp/ranking/sewage-treatment-coverage-rate,MOBILE,0
https://stats47.jp/blog/minimum-wage-gap-regional-economy,PASS,送信して登録されました,INDEXING_ALLOWED,ALLOWED,2026-03-31T10:03:50Z,SUCCESSFUL,https://stats47.jp/blog/minimum-wage-gap-regional-economy,https://stats47.jp/blog/minimum-wage-gap-regional-economy,MOBILE,1
https://stats47.jp/ranking/bean-sprouts-consumption-expenditure,PASS,送信して登録されました,INDEXING_ALLOWED,ALLOWED,2026-04-14T17:18:02Z,SUCCESSFUL,https://stats47.jp/ranking/bean-sprouts-consumption-expenditure,https://stats47.jp/ranking/bean-sprouts-consumption-expenditure,MOBILE,0
https://stats47.jp/ranking/commute-by-car,PASS,送信して登録されました,INDEXING_ALLOWED,ALLOWED,2026-04-14T07:07:57Z,SUCCESSFUL,https://stats47.jp/ranking/commute-by-car,https://stats47.jp/ranking/commute-by-car,MOBILE,1
https://stats47.jp/ranking/drinking-out-consumption-expenditure,NEUTRAL,クロール済み - インデックス未登録,INDEXING_ALLOWED,ALLOWED,2026-03-31T13:36:11Z,SUCCESSFUL,https://stats47.jp/ranking/drinking-out-consumption-expenditure,https://stats47.jp/ranking/drinking-out-consumption-expenditure,MOBILE,0
https://stats47.jp/ranking/flood-damage-total,PASS,送信して登録されました,INDEXING_ALLOWED,ALLOWED,2026-04-23T01:39:08Z,SUCCESSFUL,https://stats47.jp/ranking/flood-damage-total,https://stats47.jp/ranking/flood-damage-total,MOBILE,0
https://stats47.jp/ranking/frozen-food-consumption-expenditure,PASS,送信して登録されました,INDEXING_ALLOWED,ALLOWED,2026-04-25T03:27:58Z,SUCCESSFUL,https://stats47.jp/ranking/frozen-food-consumption-expenditure,https://stats47.jp/ranking/frozen-food-consumption-expenditure,MOBILE,0
https://stats47.jp/ranking/yakiniku-consumption-expenditure,PASS,送信して登録されました,INDEXING_ALLOWED,ALLOWED,2026-04-24T00:31:34Z,SUCCESSFUL,https://stats47.jp/ranking/yakiniku-consumption-expenditure,https://stats47.jp/ranking/yakiniku-consumption-expenditure,MOBILE,0
https://stats47.jp/ranking/hamburg-steak-consumption-expenditure,PASS,送信して登録されました,INDEXING_ALLOWED,ALLOWED,2026-04-13T09:56:51Z,SUCCESSFUL,https://stats47.jp/ranking/hamburg-steak-consumption-expenditure,https://stats47.jp/ranking/hamburg-steak-consumption-expenditure,MOBILE,1
https://stats47.jp/ranking/carrot-consumption-quantity,PASS,送信して登録されました,INDEXING_ALLOWED,ALLOWED,2026-04-17T12:59:49Z,SUCCESSFUL,https://stats47.jp/ranking/carrot-consumption-quantity,https://stats47.jp/ranking/carrot-consumption-quantity,MOBILE,0
https://stats47.jp/ranking/miso-consumption-expenditure,PASS,送信して登録されました,INDEXING_ALLOWED,ALLOWED,2026-04-14T02:47:20Z,SUCCESSFUL,https://stats47.jp/ranking/miso-consumption-expenditure,https://stats47.jp/ranking/miso-consumption-expenditure,MOBILE,0
https://stats47.jp/ranking/mochi-consumption-expenditure,PASS,送信して登録されました,INDEXING_ALLOWED,ALLOWED,2026-04-14T12:29:58Z,SUCCESSFUL,https://stats47.jp/ranking/mochi-consumption-expenditure,https://stats47.jp/ranking/mochi-consumption-expenditure,MOBILE,0
https://stats47.jp/ranking/octopus-consumption-quantity,PASS,送信して登録されました,INDEXING_ALLOWED,ALLOWED,2026-04-14T02:14:21Z,SUCCESSFUL,https://stats47.jp/ranking/octopus-consumption-quantity,https://stats47.jp/ranking/octopus-consumption-quantity,MOBILE,0
https://stats47.jp/ranking/other-staple-prepared-consumption-expenditure,PASS,送信して登録されました,INDEXING_ALLOWED,ALLOWED,2026-04-17T17:12:16Z,SUCCESSFUL,https://stats47.jp/ranking/other-staple-prepared-consumption-expenditure,https://stats47.jp/ranking/other-staple-prepared-consumption-expenditure,MOBILE,0
https://stats47.jp/ranking/treatment-rate-diabetes-outpatient,PASS,送信して登録されました,INDEXING_ALLOWED,ALLOWED,2026-04-14T00:16:29Z,SUCCESSFUL,https://stats47.jp/ranking/treatment-rate-diabetes-outpatient,https://stats47.jp/ranking/treatment-rate-diabetes-outpatient,MOBILE,0
https://stats47.jp/blog/education-cost-per-child,PASS,送信して登録されました,INDEXING_ALLOWED,ALLOWED,2026-04-13T23:26:28Z,SUCCESSFUL,https://stats47.jp/blog/education-cost-per-child,https://stats47.jp/blog/education-cost-per-child,MOBILE,0
https://stats47.jp/ranking/dressing-consumption-quantity,PASS,送信して登録されました,INDEXING_ALLOWED,ALLOWED,2026-04-18T07:23:56Z,SUCCESSFUL,https://stats47.jp/ranking/dressing-consumption-quantity,https://stats47.jp/ranking/dressing-consumption-quantity,MOBILE,0
https://stats47.jp/areas/10000/cities/10201,PASS,送信して登録されました,INDEXING_ALLOWED,ALLOWED,2026-03-16T07:24:02Z,SUCCESSFUL,https://stats47.jp/areas/10000/cities/10201,https://stats47.jp/areas/10000/cities/10201,MOBILE,1
https://stats47.jp/ranking/barber-beauty-salon-count,PASS,送信して登録されました,INDEXING_ALLOWED,ALLOWED,2026-04-23T20:51:15Z,SUCCESSFUL,https://stats47.jp/ranking/barber-beauty-salon-count,https://stats47.jp/ranking/barber-beauty-salon-count,MOBILE,1
https://stats47.jp/ranking/education-expenditure-ratio-multi-person-households,PASS,送信して登録されました,INDEXING_ALLOWED,ALLOWED,2026-04-16T22:34:34Z,SUCCESSFUL,https://stats47.jp/ranking/education-expenditure-ratio-multi-person-households,https://stats47.jp/ranking/education-expenditure-ratio-multi-person-households,MOBILE,1
https://stats47.jp/ranking/salted-salmon-consumption-quantity,PASS,送信して登録されました,INDEXING_ALLOWED,ALLOWED,2026-04-17T17:21:15Z,SUCCESSFUL,https://stats47.jp/ranking/salted-salmon-consumption-quantity,https://stats47.jp/ranking/salted-salmon-consumption-quantity,MOBILE,0
https://stats47.jp/ranking/unmarried-ratio-male-45-49,PASS,送信して登録されました,INDEXING_ALLOWED,ALLOWED,2026-04-15T19:35:16Z,SUCCESSFUL,https://stats47.jp/ranking/unmarried-ratio-male-45-49,https://stats47.jp/ranking/unmarried-ratio-male-45-49,MOBILE,1
https://stats47.jp/ranking/vinegar-consumption-quantity,PASS,送信して登録されました,INDEXING_ALLOWED,ALLOWED,2026-04-13T23:58:27Z,SUCCESSFUL,https://stats47.jp/ranking/vinegar-consumption-quantity,https://stats47.jp/ranking/vinegar-consumption-quantity,MOBILE,0
https://stats47.jp/ranking/whitebait-consumption-quantity,PASS,送信して登録されました,INDEXING_ALLOWED,ALLOWED,2026-04-23T21:30:56Z,SUCCESSFUL,https://stats47.jp/ranking/whitebait-consumption-quantity,https://stats47.jp/ranking/whitebait-consumption-quantity,MOBILE,0
https://stats47.jp/areas/14000/educationsports,NEUTRAL,見つかりませんでした（404）,INDEXING_STATE_UNSPECIFIED,ALLOWED,2026-04-25T04:19:02Z,NOT_FOUND,,,MOBILE,1
https://stats47.jp/blog/fertility-fiscal-nexus,PASS,送信して登録されました,INDEXING_ALLOWED,ALLOWED,2026-04-13T23:06:29Z,SUCCESSFUL,https://stats47.jp/blog/fertility-fiscal-nexus,https://stats47.jp/blog/fertility-fiscal-nexus,MOBILE,0
https://stats47.jp/blog/fiscal-health-50years-trend,PASS,送信して登録されました,INDEXING_ALLOWED,ALLOWED,2026-04-09T10:53:40Z,SUCCESSFUL,https://stats47.jp/blog/fiscal-health-50years-trend,https://stats47.jp/blog/fiscal-health-50years-trend,MOBILE,0
https://stats47.jp/blog/water-infrastructure-crisis,PASS,送信して登録されました,INDEXING_ALLOWED,ALLOWED,2026-04-12T22:15:33Z,SUCCESSFUL,https://stats47.jp/blog/water-infrastructure-crisis,https://stats47.jp/blog/water-infrastructure-crisis,MOBILE,1
https://stats47.jp/ranking/cheese-consumption-quantity,PASS,送信して登録されました,INDEXING_ALLOWED,ALLOWED,2026-04-23T19:33:05Z,SUCCESSFUL,https://stats47.jp/ranking/cheese-consumption-quantity,https://stats47.jp/ranking/cheese-consumption-quantity,MOBILE,0
https://stats47.jp/ranking/gross-prefectural-product-manufacturing-h27,NEUTRAL,見つかりませんでした（404）,INDEXING_STATE_UNSPECIFIED,ALLOWED,2026-04-22T18:12:56Z,NOT_FOUND,,,MOBILE,1
https://stats47.jp/ranking/instant-noodles-consumption-quantity,PASS,送信して登録されました,INDEXING_ALLOWED,ALLOWED,2026-04-22T16:32:18Z,SUCCESSFUL,https://stats47.jp/ranking/instant-noodles-consumption-quantity,https://stats47.jp/ranking/instant-noodles-consumption-quantity,MOBILE,0
https://stats47.jp/ranking/paved-road-municipal-length,PASS,送信して登録されました,INDEXING_ALLOWED,ALLOWED,2026-04-09T11:53:24Z,SUCCESSFUL,https://stats47.jp/ranking/paved-road-municipal-length,https://stats47.jp/ranking/paved-road-municipal-length,MOBILE,0
https://stats47.jp/ranking/per-capita-kenmin-shotoku-h17,PASS,送信して登録されました,INDEXING_ALLOWED,ALLOWED,2026-04-17T17:57:40Z,SUCCESSFUL,https://stats47.jp/ranking/per-capita-kenmin-shotoku-h17,https://stats47.jp/ranking/per-capita-kenmin-shotoku-h17,MOBILE,1
https://stats47.jp/ranking/post-office-count,PASS,送信して登録されました,INDEXING_ALLOWED,ALLOWED,2026-04-24T10:16:04Z,SUCCESSFUL,https://stats47.jp/ranking/post-office-count,https://stats47.jp/ranking/post-office-count,MOBILE,0
https://stats47.jp/ranking/skin-lotion-consumption-expenditure,PASS,送信して登録されました,INDEXING_ALLOWED,ALLOWED,2026-04-15T06:17:19Z,SUCCESSFUL,https://stats47.jp/ranking/skin-lotion-consumption-expenditure,https://stats47.jp/ranking/skin-lotion-consumption-expenditure,MOBILE,0
https://stats47.jp/ranking/university-graduates-job-ratio,PASS,送信して登録されました,INDEXING_ALLOWED,ALLOWED,2026-04-20T23:21:33Z,SUCCESSFUL,https://stats47.jp/ranking/university-graduates-job-ratio,https://stats47.jp/ranking/university-graduates-job-ratio,MOBILE,1
https://stats47.jp/tag/habitable-land-area,PASS,送信して登録されました,INDEXING_ALLOWED,ALLOWED,2026-03-22T09:31:59Z,SUCCESSFUL,https://stats47.jp/tag/habitable-land-area,https://stats47.jp/tag/habitable-land-area,MOBILE,0
https://stats47.jp/ranking/white-bread-consumption-expenditure,PASS,送信して登録されました,INDEXING_ALLOWED,ALLOWED,2026-04-24T00:24:01Z,SUCCESSFUL,https://stats47.jp/ranking/white-bread-consumption-expenditure,https://stats47.jp/ranking/white-bread-consumption-expenditure,MOBILE,0
https://stats47.jp/areas/18000/construction,PASS,送信して登録されました,INDEXING_ALLOWED,ALLOWED,2026-04-01T11:11:23Z,SUCCESSFUL,https://stats47.jp/areas/18000/construction,https://stats47.jp/areas/18000/construction,MOBILE,1
https://stats47.jp/blog/savings-rate-ranking,NEUTRAL,ページにリダイレクトがあります,INDEXING_ALLOWED,ALLOWED,2026-04-13T21:13:37Z,SUCCESSFUL,https://stats47.jp/blog/savings-rate-gap,https://stats47.jp/blog/savings-rate-gap,MOBILE,1
https://stats47.jp/ranking/avg-salary-education-prefecture,PASS,送信して登録されました,INDEXING_ALLOWED,ALLOWED,2026-04-13T23:54:08Z,SUCCESSFUL,https://stats47.jp/ranking/avg-salary-education-prefecture,https://stats47.jp/ranking/avg-salary-education-prefecture,MOBILE,0
https://stats47.jp/ranking/cucumber-consumption-quantity,PASS,送信して登録されました,INDEXING_ALLOWED,ALLOWED,2026-04-24T00:26:29Z,SUCCESSFUL,https://stats47.jp/ranking/cucumber-consumption-quantity,https://stats47.jp/ranking/cucumber-consumption-quantity,MOBILE,0
https://stats47.jp/ranking/hobby-participation-rate-video-games,PASS,送信して登録されました,INDEXING_ALLOWED,ALLOWED,2026-04-14T10:19:46Z,SUCCESSFUL,https://stats47.jp/ranking/hobby-participation-rate-video-games,https://stats47.jp/ranking/hobby-participation-rate-video-games,MOBILE,1
https://stats47.jp/ranking/lotus-root-consumption-quantity,PASS,送信して登録されました,INDEXING_ALLOWED,ALLOWED,2026-04-13T22:00:47Z,SUCCESSFUL,https://stats47.jp/ranking/lotus-root-consumption-quantity,https://stats47.jp/ranking/lotus-root-consumption-quantity,MOBILE,0
https://stats47.jp/ranking/nuclear-power-plant-count,PASS,送信して登録されました,INDEXING_ALLOWED,ALLOWED,2026-04-25T05:41:35Z,SUCCESSFUL,https://stats47.jp/ranking/nuclear-power-plant-count,https://stats47.jp/ranking/nuclear-power-plant-count,MOBILE,0
https://stats47.jp/ranking/peach-consumption-quantity,PASS,送信して登録されました,INDEXING_ALLOWED,ALLOWED,2026-04-14T05:14:16Z,SUCCESSFUL,https://stats47.jp/ranking/peach-consumption-quantity,https://stats47.jp/ranking/peach-consumption-quantity,MOBILE,0
https://stats47.jp/areas/18000/agriculture,PASS,送信して登録されました,INDEXING_ALLOWED,ALLOWED,2026-04-01T09:59:19Z,SUCCESSFUL,https://stats47.jp/areas/18000/agriculture,https://stats47.jp/areas/18000/agriculture,MOBILE,1
https://stats47.jp/ranking/cup-noodles-consumption-quantity,PASS,送信して登録されました,INDEXING_ALLOWED,ALLOWED,2026-04-16T01:58:53Z,SUCCESSFUL,https://stats47.jp/ranking/cup-noodles-consumption-quantity,https://stats47.jp/ranking/cup-noodles-consumption-quantity,MOBILE,0
https://stats47.jp/ranking/manufacturing-net-value-added-private,PASS,送信して登録されました,INDEXING_ALLOWED,ALLOWED,2026-04-13T16:14:29Z,SUCCESSFUL,https://stats47.jp/ranking/manufacturing-net-value-added-private,https://stats47.jp/ranking/manufacturing-net-value-added-private,MOBILE,0
https://stats47.jp/ranking/strawberry-consumption-expenditure,PASS,送信して登録されました,INDEXING_ALLOWED,ALLOWED,2026-04-25T07:07:28Z,SUCCESSFUL,https://stats47.jp/ranking/strawberry-consumption-expenditure,https://stats47.jp/ranking/strawberry-consumption-expenditure,MOBILE,0
https://stats47.jp/areas/04000/cities/04205,NEUTRAL,クロール済み - インデックス未登録,INDEXING_ALLOWED,ALLOWED,2026-03-19T18:57:08Z,SUCCESSFUL,https://stats47.jp/areas/04000/cities/04205,https://stats47.jp/areas/04000/cities/04205,MOBILE,1
https://stats47.jp/areas/45000/cities/45207,PASS,送信して登録されました,INDEXING_ALLOWED,ALLOWED,2026-03-16T07:57:19Z,SUCCESSFUL,https://stats47.jp/areas/45000/cities/45207,https://stats47.jp/areas/45000/cities/45207,MOBILE,2
https://stats47.jp/blog/commercial-land-price-trend,PASS,送信して登録されました,INDEXING_ALLOWED,ALLOWED,2026-04-14T01:21:04Z,SUCCESSFUL,https://stats47.jp/blog/commercial-land-price-trend,https://stats47.jp/blog/commercial-land-price-trend,MOBILE,0
https://stats47.jp/ranking/abandoned-cultivated-land-area,NEUTRAL,見つかりませんでした（404）,INDEXING_STATE_UNSPECIFIED,ALLOWED,2026-01-01T11:01:44Z,NOT_FOUND,,,MOBILE,1
https://stats47.jp/ranking/abortion-rate,NEUTRAL,URL が Google に認識されていません,INDEXING_STATE_UNSPECIFIED,ROBOTS_TXT_STATE_UNSPECIFIED,,PAGE_FETCH_STATE_UNSPECIFIED,,,,0
https://stats47.jp/ranking/accessories-consumption-expenditure,NEUTRAL,検出 - インデックス未登録,INDEXING_STATE_UNSPECIFIED,ROBOTS_TXT_STATE_UNSPECIFIED,,PAGE_FETCH_STATE_UNSPECIFIED,,,CRAWLING_USER_AGENT_UNSPECIFIED,0
https://stats47.jp/ranking/accidental-deaths-per-100k,NEUTRAL,見つかりませんでした（404）,INDEXING_STATE_UNSPECIFIED,ALLOWED,2026-01-21T13:28:07Z,NOT_FOUND,,,MOBILE,1
https://stats47.jp/ranking/accountant-annual-income,NEUTRAL,クロール済み - インデックス未登録,INDEXING_STATE_UNSPECIFIED,ALLOWED,2026-03-30T07:42:48Z,SUCCESSFUL,,,MOBILE,0
https://stats47.jp/ranking/active-job-opening-ratio,NEUTRAL,見つかりませんでした（404）,INDEXING_STATE_UNSPECIFIED,ALLOWED,2026-01-17T14:35:02Z,NOT_FOUND,,,MOBILE,1
https://stats47.jp/ranking/actual-income-worker-households-per-month,PASS,送信して登録されました,INDEXING_ALLOWED,ALLOWED,2026-03-19T21:51:24Z,SUCCESSFUL,https://stats47.jp/ranking/actual-income-worker-households-per-month,https://stats47.jp/ranking/actual-income-worker-households-per-month,MOBILE,1
https://stats47.jp/ranking/acupuncturist-rate,PASS,送信して登録されました,INDEXING_ALLOWED,ALLOWED,2026-04-14T05:56:02Z,SUCCESSFUL,https://stats47.jp/ranking/acupuncturist-rate,https://stats47.jp/ranking/acupuncturist-rate,MOBILE,0
https://stats47.jp/ranking/adult-class-lecture-count-per-million,NEUTRAL,クロール済み - インデックス未登録,INDEXING_STATE_UNSPECIFIED,ALLOWED,2026-02-23T22:41:17Z,SUCCESSFUL,,,MOBILE,1
https://stats47.jp/ranking/adult-sandals-consumption-expenditure,PASS,送信して登録されました,INDEXING_ALLOWED,ALLOWED,2026-04-23T15:27:19Z,SUCCESSFUL,https://stats47.jp/ranking/adult-sandals-consumption-expenditure,https://stats47.jp/ranking/adult-sandals-consumption-expenditure,MOBILE,0
https://stats47.jp/ranking/adult-sandals-consumption-quantity,PASS,送信して登録されました,INDEXING_ALLOWED,ALLOWED,2026-04-22T18:42:58Z,SUCCESSFUL,https://stats47.jp/ranking/adult-sandals-consumption-quantity,https://stats47.jp/ranking/adult-sandals-consumption-quantity,MOBILE,0
https://stats47.jp/ranking/adult-sneakers-consumption-expenditure,PASS,送信して登録されました,INDEXING_ALLOWED,ALLOWED,2026-04-14T04:00:19Z,SUCCESSFUL,https://stats47.jp/ranking/adult-sneakers-consumption-expenditure,https://stats47.jp/ranking/adult-sneakers-consumption-expenditure,MOBILE,0
https://stats47.jp/ranking/adult-sneakers-consumption-quantity,PASS,送信して登録されました,INDEXING_ALLOWED,ALLOWED,2026-04-23T13:17:36Z,SUCCESSFUL,https://stats47.jp/ranking/adult-sneakers-consumption-quantity,https://stats47.jp/ranking/adult-sneakers-consumption-quantity,MOBILE,0
https://stats47.jp/ranking/age-specific-death-rate-0-4-per-1000,NEUTRAL,見つかりませんでした（404）,INDEXING_STATE_UNSPECIFIED,ALLOWED,2026-01-15T01:49:05Z,NOT_FOUND,,,MOBILE,1
https://stats47.jp/ranking/aging-index,NEUTRAL,見つかりませんでした（404）,INDEXING_STATE_UNSPECIFIED,ALLOWED,2026-01-17T13:06:41Z,NOT_FOUND,,,MOBILE,1
https://stats47.jp/ranking/agricultural-farm-count,NEUTRAL,見つかりませんでした（404）,INDEXING_STATE_UNSPECIFIED,ALLOWED,2026-01-17T15:15:19Z,NOT_FOUND,,,MOBILE,1
https://stats47.jp/ranking/agricultural-income-ratio,PASS,送信して登録されました,INDEXING_ALLOWED,ALLOWED,2026-04-18T19:55:38Z,SUCCESSFUL,https://stats47.jp/ranking/agricultural-income-ratio,https://stats47.jp/ranking/agricultural-income-ratio,MOBILE,1
https://stats47.jp/ranking/agricultural-land-conversion-area,NEUTRAL,見つかりませんでした（404）,INDEXING_STATE_UNSPECIFIED,ALLOWED,2026-01-06T13:28:47Z,NOT_FOUND,,,MOBILE,1
https://stats47.jp/ranking/agricultural-output,NEUTRAL,見つかりませんでした（404）,INDEXING_STATE_UNSPECIFIED,ALLOWED,2026-01-18T04:05:23Z,NOT_FOUND,,,MOBILE,1
https://stats47.jp/ranking/agriculture-forestry-fisheries-expenditure-ratio-pref-finance,NEUTRAL,クロール済み - インデックス未登録,INDEXING_STATE_UNSPECIFIED,ALLOWED,2026-02-25T23:55:11Z,SUCCESSFUL,,,MOBILE,1
https://stats47.jp/ranking/agriculture-forestry-fisheries-expenses-prefecture,NEUTRAL,クロール済み - インデックス未登録,INDEXING_STATE_UNSPECIFIED,ALLOWED,2026-02-24T03:55:43Z,SUCCESSFUL,,,MOBILE,1
https://stats47.jp/ranking/air-cargo-transport,NEUTRAL,見つかりませんでした（404）,INDEXING_STATE_UNSPECIFIED,ALLOWED,2026-01-13T01:33:17Z,NOT_FOUND,,,MOBILE,1
https://stats47.jp/ranking/air-conditioner-consumption-expenditure,PASS,送信して登録されました,INDEXING_ALLOWED,ALLOWED,2026-04-23T17:49:49Z,SUCCESSFUL,https://stats47.jp/ranking/air-conditioner-consumption-expenditure,https://stats47.jp/ranking/air-conditioner-consumption-expenditure,MOBILE,0
https://stats47.jp/ranking/air-conditioner-consumption-quantity,PASS,送信して登録されました,INDEXING_ALLOWED,ALLOWED,2026-04-23T19:12:18Z,SUCCESSFUL,https://stats47.jp/ranking/air-conditioner-consumption-quantity,https://stats47.jp/ranking/air-conditioner-consumption-quantity,MOBILE,0
https://stats47.jp/ranking/air-fare-consumption-expenditure,PASS,送信して登録されました,INDEXING_ALLOWED,ALLOWED,2026-04-14T03:15:35Z,SUCCESSFUL,https://stats47.jp/ranking/air-fare-consumption-expenditure,https://stats47.jp/ranking/air-fare-consumption-expenditure,MOBILE,0
https://stats47.jp/ranking/air-freshener-consumption-expenditure,NEUTRAL,検出 - インデックス未登録,INDEXING_STATE_UNSPECIFIED,ROBOTS_TXT_STATE_UNSPECIFIED,,PAGE_FETCH_STATE_UNSPECIFIED,,,CRAWLING_USER_AGENT_UNSPECIFIED,0
https://stats47.jp/ranking/air-passenger-transport,NEUTRAL,重複しています。ユーザーにより、正規ページとして選択されていません,INDEXING_ALLOWED,ALLOWED,2026-03-03T03:07:40Z,SUCCESSFUL,https://www.marcustheatres.com/,,MOBILE,1
https://stats47.jp/ranking/airport-count,NEUTRAL,検出 - インデックス未登録,INDEXING_STATE_UNSPECIFIED,ROBOTS_TXT_STATE_UNSPECIFIED,,PAGE_FETCH_STATE_UNSPECIFIED,,,CRAWLING_USER_AGENT_UNSPECIFIED,0
https://stats47.jp/ranking/amusement-park-consumption-expenditure,PASS,送信して登録されました,INDEXING_ALLOWED,ALLOWED,2026-04-15T13:08:55Z,SUCCESSFUL,https://stats47.jp/ranking/amusement-park-consumption-expenditure,https://stats47.jp/ranking/amusement-park-consumption-expenditure,MOBILE,0
https://stats47.jp/ranking/annual-clear-days,NEUTRAL,見つかりませんでした（404）,INDEXING_STATE_UNSPECIFIED,ALLOWED,2026-01-19T16:03:29Z,NOT_FOUND,,,MOBILE,1
https://stats47.jp/ranking/annual-cloudy-days,NEUTRAL,見つかりませんでした（404）,INDEXING_STATE_UNSPECIFIED,ALLOWED,2026-01-16T03:25:17Z,NOT_FOUND,,,MOBILE,1
https://stats47.jp/ranking/annual-emergency-dispatches-per-1000,NEUTRAL,見つかりませんでした（404）,INDEXING_STATE_UNSPECIFIED,ALLOWED,2026-01-19T16:40:29Z,NOT_FOUND,,,MOBILE,0
https://stats47.jp/ranking/annual-income-per-household,NEUTRAL,クロール済み - インデックス未登録,INDEXING_STATE_UNSPECIFIED,ALLOWED,2026-02-25T23:25:15Z,SUCCESSFUL,,,MOBILE,1
https://stats47.jp/ranking/annual-new-inpatients-general-hospital-per-100k,NEUTRAL,見つかりませんでした（404）,INDEXING_STATE_UNSPECIFIED,ALLOWED,2026-01-21T10:30:16Z,NOT_FOUND,,,MOBILE,1
https://stats47.jp/ranking/annual-new-inpatients-psychiatric-hospital-per-100k,NEUTRAL,見つかりませんでした（404）,INDEXING_STATE_UNSPECIFIED,ALLOWED,2026-01-02T07:28:58Z,NOT_FOUND,,,MOBILE,1
https://stats47.jp/ranking/annual-precipitation,NEUTRAL,見つかりませんでした（404）,INDEXING_STATE_UNSPECIFIED,ALLOWED,2026-01-18T11:40:07Z,NOT_FOUND,,,MOBILE,1
https://stats47.jp/ranking/annual-precipitation-days,NEUTRAL,見つかりませんでした（404）,INDEXING_STATE_UNSPECIFIED,ALLOWED,2026-01-02T03:33:36Z,NOT_FOUND,,,MOBILE,1
https://stats47.jp/ranking/annual-sales-amount,NEUTRAL,見つかりませんでした（404）,INDEXING_STATE_UNSPECIFIED,ALLOWED,2026-01-17T06:32:50Z,NOT_FOUND,,,MOBILE,1
https://stats47.jp/ranking/annual-sales-amount-per-employee,NEUTRAL,見つかりませんでした（404）,INDEXING_STATE_UNSPECIFIED,ALLOWED,2026-01-23T04:28:23Z,NOT_FOUND,,,MOBILE,1
https://stats47.jp/ranking/annual-sales-amount-per-establishment,NEUTRAL,見つかりませんでした（404）,INDEXING_STATE_UNSPECIFIED,ALLOWED,2026-01-12T21:17:41Z,NOT_FOUND,,,MOBILE,1
https://stats47.jp/ranking/annual-snow-days,NEUTRAL,見つかりませんでした（404）,INDEXING_STATE_UNSPECIFIED,ALLOWED,2026-01-16T02:15:08Z,NOT_FOUND,,,MOBILE,1
https://stats47.jp/ranking/annual-sunshine-duration,NEUTRAL,見つかりませんでした（404）,INDEXING_STATE_UNSPECIFIED,ALLOWED,2026-01-21T04:54:29Z,NOT_FOUND,,,MOBILE,1
https://stats47.jp/ranking/apartment-ratio,NEUTRAL,見つかりませんでした（404）,INDEXING_STATE_UNSPECIFIED,ALLOWED,2026-01-17T21:15:17Z,NOT_FOUND,,,MOBILE,1
https://stats47.jp/ranking/apparel-retail-store-count-per-1000,NEUTRAL,クロール済み - インデックス未登録,INDEXING_STATE_UNSPECIFIED,ALLOWED,2026-02-24T00:31:42Z,SUCCESSFUL,,,MOBILE,1
https://stats47.jp/ranking/apple-consumption-expenditure,NEUTRAL,検出 - インデックス未登録,INDEXING_STATE_UNSPECIFIED,ROBOTS_TXT_STATE_UNSPECIFIED,,PAGE_FETCH_STATE_UNSPECIFIED,,,CRAWLING_USER_AGENT_UNSPECIFIED,0
https://stats47.jp/ranking/apple-consumption-quantity,NEUTRAL,検出 - インデックス未登録,INDEXING_STATE_UNSPECIFIED,ROBOTS_TXT_STATE_UNSPECIFIED,,PAGE_FETCH_STATE_UNSPECIFIED,,,CRAWLING_USER_AGENT_UNSPECIFIED,0
https://stats47.jp/ranking/aquarium-count,NEUTRAL,検出 - インデックス未登録,INDEXING_STATE_UNSPECIFIED,ROBOTS_TXT_STATE_UNSPECIFIED,,PAGE_FETCH_STATE_UNSPECIFIED,,,CRAWLING_USER_AGENT_UNSPECIFIED,0
https://stats47.jp/ranking/architect-annual-income,NEUTRAL,検出 - インデックス未登録,INDEXING_STATE_UNSPECIFIED,ROBOTS_TXT_STATE_UNSPECIFIED,,PAGE_FETCH_STATE_UNSPECIFIED,,,CRAWLING_USER_AGENT_UNSPECIFIED,0
https://stats47.jp/ranking/art-museum-count,NEUTRAL,検出 - インデックス未登録,INDEXING_STATE_UNSPECIFIED,ROBOTS_TXT_STATE_UNSPECIFIED,,PAGE_FETCH_STATE_UNSPECIFIED,,,CRAWLING_USER_AGENT_UNSPECIFIED,0
https://stats47.jp/ranking/assembly-expenses-prefecture,PASS,送信して登録されました,INDEXING_ALLOWED,ALLOWED,2026-04-10T00:58:18Z,SUCCESSFUL,https://stats47.jp/ranking/assembly-expenses-prefecture,https://stats47.jp/ranking/assembly-expenses-prefecture,MOBILE,0
https://stats47.jp/ranking/assistance-expenditure-ratio-pref-finance,NEUTRAL,見つかりませんでした（404）,INDEXING_STATE_UNSPECIFIED,ALLOWED,2026-01-16T00:25:28Z,NOT_FOUND,,,MOBILE,0
https://stats47.jp/ranking/assistance-expenses-prefecture,NEUTRAL,クロール済み - インデックス未登録,INDEXING_STATE_UNSPECIFIED,ALLOWED,2026-02-24T00:11:21Z,SUCCESSFUL,,,MOBILE,1
https://stats47.jp/ranking/associate-professor-annual-income,NEUTRAL,重複しています。ユーザーにより、正規ページとして選択されていません,INDEXING_ALLOWED,ALLOWED,2026-03-30T07:19:01Z,SUCCESSFUL,https://www.marcustheatres.com/,,MOBILE,0
https://stats47.jp/ranking/auto-liability-insurance-amount-received-per-payment,NEUTRAL,検出 - インデックス未登録,INDEXING_STATE_UNSPECIFIED,ROBOTS_TXT_STATE_UNSPECIFIED,,PAGE_FETCH_STATE_UNSPECIFIED,,,CRAWLING_USER_AGENT_UNSPECIFIED,0
https://stats47.jp/ranking/auto-mechanic-annual-income,PASS,送信して登録されました,INDEXING_ALLOWED,ALLOWED,2026-04-24T03:41:25Z,SUCCESSFUL,https://stats47.jp/ranking/auto-mechanic-annual-income,https://stats47.jp/ranking/auto-mechanic-annual-income,MOBILE,0
https://stats47.jp/ranking/autolock-apartment-rate,PASS,送信して登録されました,INDEXING_ALLOWED,ALLOWED,2026-04-22T14:36:55Z,SUCCESSFUL,https://stats47.jp/ranking/autolock-apartment-rate,https://stats47.jp/ranking/autolock-apartment-rate,MOBILE,0
https://stats47.jp/ranking/average-age-of-first-marriage-husband,NEUTRAL,見つかりませんでした（404）,INDEXING_STATE_UNSPECIFIED,ALLOWED,2026-01-01T00:27:20Z,NOT_FOUND,,,MOBILE,0
https://stats47.jp/ranking/average-age-of-first-marriage-wife,NEUTRAL,見つかりませんでした（404）,INDEXING_STATE_UNSPECIFIED,ALLOWED,2026-01-13T01:27:12Z,NOT_FOUND,,,MOBILE,1
https://stats47.jp/ranking/average-height-high-school-second-grade-female,NEUTRAL,検出 - インデックス未登録,INDEXING_STATE_UNSPECIFIED,ROBOTS_TXT_STATE_UNSPECIFIED,,PAGE_FETCH_STATE_UNSPECIFIED,,,CRAWLING_USER_AGENT_UNSPECIFIED,1
https://stats47.jp/ranking/average-height-middle-school-second-grade-female,NEUTRAL,クロール済み - インデックス未登録,INDEXING_STATE_UNSPECIFIED,ALLOWED,2026-02-25T23:41:54Z,SUCCESSFUL,,,MOBILE,1
https://stats47.jp/ranking/average-height-middle-school-second-grade-male,NEUTRAL,クロール済み - インデックス未登録,INDEXING_STATE_UNSPECIFIED,ALLOWED,2026-02-24T00:47:04Z,SUCCESSFUL,,,MOBILE,1
https://stats47.jp/ranking/average-height-primary-school-fifth-grade-female,NEUTRAL,重複しています。ユーザーにより、正規ページとして選択されていません,INDEXING_ALLOWED,ALLOWED,2026-03-03T04:19:18Z,SUCCESSFUL,https://www.marcustheatres.com/,,MOBILE,1
https://stats47.jp/ranking/average-height-primary-school-fifth-grade-male,NEUTRAL,URL が Google に認識されていません,INDEXING_STATE_UNSPECIFIED,ROBOTS_TXT_STATE_UNSPECIFIED,,PAGE_FETCH_STATE_UNSPECIFIED,,,,0
https://stats47.jp/ranking/average-length-of-stay,PASS,送信して登録されました,INDEXING_ALLOWED,ALLOWED,2026-04-23T14:14:18Z,SUCCESSFUL,https://stats47.jp/ranking/average-length-of-stay,https://stats47.jp/ranking/average-length-of-stay,MOBILE,0
https://stats47.jp/ranking/average-life-expectancy-female-20,NEUTRAL,見つかりませんでした（404）,INDEXING_STATE_UNSPECIFIED,ALLOWED,2026-01-02T08:35:16Z,NOT_FOUND,,,MOBILE,1
https://stats47.jp/ranking/average-life-expectancy-female-65,NEUTRAL,見つかりませんでした（404）,INDEXING_STATE_UNSPECIFIED,ALLOWED,2026-01-21T13:08:32Z,NOT_FOUND,,,MOBILE,1
https://stats47.jp/ranking/average-life-expectancy-male,NEUTRAL,クロール済み - インデックス未登録,INDEXING_STATE_UNSPECIFIED,ALLOWED,2026-02-24T07:41:46Z,SUCCESSFUL,,,MOBILE,1
https://stats47.jp/ranking/average-payment-amount-of-workers-compensation-insurance-benefits,NEUTRAL,見つかりませんでした（404）,INDEXING_STATE_UNSPECIFIED,ALLOWED,2026-01-28T18:17:47Z,NOT_FOUND,,,MOBILE,1
https://stats47.jp/ranking/average-persons-per-general-household,NEUTRAL,見つかりませんでした（404）,INDEXING_STATE_UNSPECIFIED,ALLOWED,2026-01-15T17:39:36Z,NOT_FOUND,,,MOBILE,1
https://stats47.jp/ranking/average-propensity-to-consume-of-farm-households,NEUTRAL,クロール済み - インデックス未登録,INDEXING_STATE_UNSPECIFIED,ALLOWED,2026-02-25T16:46:00Z,SUCCESSFUL,,,MOBILE,1
https://stats47.jp/ranking/average-relative-humidity,NEUTRAL,見つかりませんでした（404）,INDEXING_STATE_UNSPECIFIED,ALLOWED,2026-01-20T03:11:09Z,NOT_FOUND,,,MOBILE,1
https://stats47.jp/ranking/average-road-traffic-volume,NEUTRAL,見つかりませんでした（404）,INDEXING_STATE_UNSPECIFIED,ALLOWED,2026-01-20T23:07:06Z,NOT_FOUND,,,MOBILE,1
https://stats47.jp/ranking/average-temperature,NEUTRAL,見つかりませんでした（404）,INDEXING_STATE_UNSPECIFIED,ALLOWED,2026-01-17T19:30:03Z,NOT_FOUND,,,MOBILE,1
https://stats47.jp/ranking/average-weight-high-school-second-grade-female,NEUTRAL,URL が Google に認識されていません,INDEXING_STATE_UNSPECIFIED,ROBOTS_TXT_STATE_UNSPECIFIED,,PAGE_FETCH_STATE_UNSPECIFIED,,,,0
https://stats47.jp/ranking/average-weight-high-school-second-grade-male,NEUTRAL,クロール済み - インデックス未登録,INDEXING_STATE_UNSPECIFIED,ALLOWED,2026-02-25T02:27:48Z,SUCCESSFUL,,,MOBILE,1
https://stats47.jp/ranking/average-weight-middle-school-second-grade-female,NEUTRAL,クロール済み - インデックス未登録,INDEXING_STATE_UNSPECIFIED,ALLOWED,2026-02-24T03:26:39Z,SUCCESSFUL,,,MOBILE,1
https://stats47.jp/ranking/average-weight-middle-school-second-grade-male,NEUTRAL,検出 - インデックス未登録,INDEXING_STATE_UNSPECIFIED,ROBOTS_TXT_STATE_UNSPECIFIED,,PAGE_FETCH_STATE_UNSPECIFIED,,,CRAWLING_USER_AGENT_UNSPECIFIED,0
https://stats47.jp/ranking/average-weight-primary-school-fifth-grade-female,NEUTRAL,クロール済み - インデックス未登録,INDEXING_STATE_UNSPECIFIED,ALLOWED,2026-02-25T18:43:51Z,SUCCESSFUL,,,MOBILE,1
https://stats47.jp/ranking/average-weight-primary-school-fifth-grade-male,NEUTRAL,クロール済み - インデックス未登録,INDEXING_STATE_UNSPECIFIED,ALLOWED,2026-02-24T01:25:06Z,SUCCESSFUL,,,MOBILE,1
https://stats47.jp/ranking/avg-age-admin-prefecture,PASS,送信して登録されました,INDEXING_ALLOWED,ALLOWED,2026-04-16T06:08:40Z,SUCCESSFUL,https://stats47.jp/ranking/avg-age-admin-prefecture,https://stats47.jp/ranking/avg-age-admin-prefecture,MOBILE,0
https://stats47.jp/ranking/avg-daily-inpatients-general-hospital-per-100k,NEUTRAL,見つかりませんでした（404）,INDEXING_STATE_UNSPECIFIED,ALLOWED,2026-01-13T01:19:30Z,NOT_FOUND,,,MOBILE,1
https://stats47.jp/ranking/avg-daily-inpatients-psychiatric-hospital-per-100k,NEUTRAL,見つかりませんでした（404）,INDEXING_STATE_UNSPECIFIED,ALLOWED,2026-01-13T10:02:47Z,NOT_FOUND,,,MOBILE,1
https://stats47.jp/ranking/avg-daily-outpatients-general-hospital-per-100k,NEUTRAL,見つかりませんでした（404）,INDEXING_STATE_UNSPECIFIED,ALLOWED,2026-01-19T22:57:49Z,NOT_FOUND,,,MOBILE,1
https://stats47.jp/ranking/avg-daily-outpatients-psychiatric-hospital-per-100k,NEUTRAL,見つかりませんでした（404）,INDEXING_STATE_UNSPECIFIED,ALLOWED,2026-01-06T16:44:23Z,NOT_FOUND,,,MOBILE,1
https://stats47.jp/ranking/avg-height-high-school-2nd-male,NEUTRAL,URL が Google に認識されていません,INDEXING_STATE_UNSPECIFIED,ROBOTS_TXT_STATE_UNSPECIFIED,,PAGE_FETCH_STATE_UNSPECIFIED,,,,0
https://stats47.jp/ranking/avg-propensity-to-consume-worker-households,NEUTRAL,クロール済み - インデックス未登録,INDEXING_STATE_UNSPECIFIED,ALLOWED,2026-02-24T03:30:56Z,SUCCESSFUL,,,MOBILE,1
https://stats47.jp/ranking/avg-salary-admin-prefecture,NEUTRAL,検出 - インデックス未登録,INDEXING_STATE_UNSPECIFIED,ROBOTS_TXT_STATE_UNSPECIFIED,,PAGE_FETCH_STATE_UNSPECIFIED,,,CRAWLING_USER_AGENT_UNSPECIFIED,0
https://stats47.jp/ranking/avg-salary-all-prefecture,NEUTRAL,検出 - インデックス未登録,INDEXING_STATE_UNSPECIFIED,ROBOTS_TXT_STATE_UNSPECIFIED,,PAGE_FETCH_STATE_UNSPECIFIED,,,CRAWLING_USER_AGENT_UNSPECIFIED,0
https://stats47.jp/ranking/avg-salary-police-prefecture,NEUTRAL,検出 - インデックス未登録,INDEXING_STATE_UNSPECIFIED,ROBOTS_TXT_STATE_UNSPECIFIED,,PAGE_FETCH_STATE_UNSPECIFIED,,,CRAWLING_USER_AGENT_UNSPECIFIED,0
https://stats47.jp/ranking/avg-savings-rate-worker-households,NEUTRAL,クロール済み - インデックス未登録,INDEXING_STATE_UNSPECIFIED,ALLOWED,2026-02-24T02:04:28Z,SUCCESSFUL,,,MOBILE,1
https://stats47.jp/ranking/bacon-consumption-expenditure,PASS,送信して登録されました,INDEXING_ALLOWED,ALLOWED,2026-04-23T21:12:50Z,SUCCESSFUL,https://stats47.jp/ranking/bacon-consumption-expenditure,https://stats47.jp/ranking/bacon-consumption-expenditure,MOBILE,0
https://stats47.jp/ranking/bamboo-production,NEUTRAL,クロール済み - インデックス未登録,INDEXING_STATE_UNSPECIFIED,ALLOWED,2026-02-24T01:09:58Z,SUCCESSFUL,,,MOBILE,1
https://stats47.jp/ranking/bamboo-shoot-consumption-expenditure,PASS,送信して登録されました,INDEXING_ALLOWED,ALLOWED,2026-04-24T09:41:02Z,SUCCESSFUL,https://stats47.jp/ranking/bamboo-shoot-consumption-expenditure,https://stats47.jp/ranking/bamboo-shoot-consumption-expenditure,MOBILE,1
https://stats47.jp/ranking/bamboo-shoot-consumption-quantity,NEUTRAL,検出 - インデックス未登録,INDEXING_STATE_UNSPECIFIED,ROBOTS_TXT_STATE_UNSPECIFIED,,PAGE_FETCH_STATE_UNSPECIFIED,,,CRAWLING_USER_AGENT_UNSPECIFIED,0
https://stats47.jp/ranking/banana-consumption-expenditure,PASS,送信して登録されました,INDEXING_ALLOWED,ALLOWED,2026-04-23T11:16:47Z,SUCCESSFUL,https://stats47.jp/ranking/banana-consumption-expenditure,https://stats47.jp/ranking/banana-consumption-expenditure,MOBILE,0
https://stats47.jp/ranking/banana-consumption-quantity,PASS,送信して登録されました,INDEXING_ALLOWED,ALLOWED,2026-04-24T08:52:13Z,SUCCESSFUL,https://stats47.jp/ranking/banana-consumption-quantity,https://stats47.jp/ranking/banana-consumption-quantity,MOBILE,0
https://stats47.jp/ranking/bank-deposit-balance-per-person,NEUTRAL,見つかりませんでした（404）,INDEXING_STATE_UNSPECIFIED,ALLOWED,2026-01-14T14:14:25Z,NOT_FOUND,,,MOBILE,1
https://stats47.jp/ranking/bank-loan-balance,NEUTRAL,検出 - インデックス未登録,INDEXING_STATE_UNSPECIFIED,ROBOTS_TXT_STATE_UNSPECIFIED,,PAGE_FETCH_STATE_UNSPECIFIED,,,CRAWLING_USER_AGENT_UNSPECIFIED,0
https://stats47.jp/about,PASS,送信して登録されました,INDEXING_ALLOWED,ALLOWED,2026-04-18T03:12:25Z,SUCCESSFUL,https://stats47.jp/about,https://stats47.jp/about,MOBILE,3
https://stats47.jp/themes,PASS,送信して登録されました,INDEXING_ALLOWED,ALLOWED,2026-04-12T09:22:55Z,SUCCESSFUL,https://stats47.jp/themes,https://stats47.jp/themes,MOBILE,1
https://stats47.jp/categories,NEUTRAL,URL が Google に認識されていません,INDEXING_STATE_UNSPECIFIED,ROBOTS_TXT_STATE_UNSPECIFIED,,PAGE_FETCH_STATE_UNSPECIFIED,,,,0
