page,clicks,impressions,ctr,position
https://stats47.jp/blog/health-life-expectancy-structure,104,1131,0.0920,8.22
https://stats47.jp/socialsecurity/medical-facilities/ranking/general-hospital-bed-occupancy-rate,46,446,0.1031,5.09
https://stats47.jp/,13,39,0.3333,4.97
https://stats47.jp/blog/price-index-high-low-prefecture,12,429,0.0280,9.17
https://stats47.jp/blog/engel-coefficient-prefecture-ranking,11,128,0.0859,6.63
https://stats47.jp/ranking/sports-spectating-consumption-expenditure,11,57,0.1930,5.61
https://stats47.jp/ranking/konbu-consumption-quantity,10,127,0.0787,7.55
https://stats47.jp/blog/local-government-debt-burden,8,102,0.0784,8.63
https://stats47.jp/blog/university-advancement-capacity,7,393,0.0178,11.77
https://stats47.jp/blog/automotive-industry-transformation-map,6,257,0.0233,7.53
https://stats47.jp/blog/fiscal-self-reliance-gap,6,83,0.0723,9.99
https://stats47.jp/blog/park-green-space-gap,6,333,0.0180,8.15
https://stats47.jp/ranking/pasta-consumption-quantity,6,155,0.0387,6.74
https://stats47.jp/blog/population-density-urbanization,5,154,0.0325,13.72
https://stats47.jp/blog/sports-urban-paradox,5,86,0.0581,7.43
https://stats47.jp/ranking/local-debt-current,5,78,0.0641,8.21
https://stats47.jp/ranking/telework-rate,5,59,0.0847,10.34
https://stats47.jp/blog/convenience-store-density-map,4,127,0.0315,6.46
https://stats47.jp/blog/household-spending-prefecture-gap,4,105,0.0381,6.84
https://stats47.jp/ranking/hamburger-consumption-expenditure,4,49,0.0816,7.20
https://stats47.jp/ranking/tomato-consumption-quantity,4,39,0.1026,8.05
https://stats47.jp/ranking/wheat-flour-consumption-quantity,4,65,0.0615,6.92
https://stats47.jp/blog/alcohol-prefecture-map,3,80,0.0375,8.05
https://stats47.jp/blog/birth-rate-fertility-ranking,3,122,0.0246,7.61
https://stats47.jp/blog/child-height-regional-gap,3,274,0.0109,12.04
https://stats47.jp/blog/temperature-extremes-map,3,334,0.0090,9.89
https://stats47.jp/ranking/croquette-consumption-expenditure,3,22,0.1364,7.05
https://stats47.jp/ranking/other-mushroom-consumption-quantity,3,51,0.0588,7.98
https://stats47.jp/ranking/road-total-length,3,86,0.0349,7.47
https://stats47.jp/ranking/shochu-consumption-quantity,3,118,0.0254,8.77
https://stats47.jp/ranking/tofu-consumption-quantity,3,122,0.0246,7.11
https://stats47.jp/about,2,11,0.1818,1.73
https://stats47.jp/blog/commercial-sales-productivity-gap,2,60,0.0333,7.13
https://stats47.jp/blog/farmland-crisis-abandoned-land,2,11,0.1818,9.45
https://stats47.jp/blog/fertility-rate-prefecture-gap,2,131,0.0153,11.60
https://stats47.jp/blog/household-structure-transformation,2,67,0.0299,7.84
https://stats47.jp/blog/inflation-rate-prefecture-gap,2,74,0.0270,7.55
https://stats47.jp/blog/local-tax-revenue-gap,2,49,0.0408,9.78
https://stats47.jp/blog/manufacturing-productivity,2,85,0.0235,7.82
https://stats47.jp/blog/manufacturing-productivity-ranking,2,94,0.0213,8.63
https://stats47.jp/blog/nursing-care-shortage-2040,2,43,0.0465,10.58
https://stats47.jp/blog/real-purchasing-power-ranking,2,37,0.0541,9.14
https://stats47.jp/blog/unemployment-structure,2,175,0.0114,11.11
https://stats47.jp/ranking/cabbage-consumption-quantity,2,35,0.0571,7.17
https://stats47.jp/ranking/chocolate-snack-consumption-expenditure,2,22,0.0909,8.36
https://stats47.jp/ranking/entertainment-rental-consumption-expenditure,2,5,0.4000,2.60
https://stats47.jp/ranking/hamburg-steak-consumption-expenditure,2,16,0.1250,6.56
https://stats47.jp/ranking/pickled-daikon-consumption-quantity,2,58,0.0345,8.47
https://stats47.jp/ranking/starting-salary-university,2,55,0.0364,6.40
https://stats47.jp/ranking/swimming-pool-public,2,35,0.0571,8.00
https://stats47.jp/ranking/train-commuter-pass-consumption-expenditure,2,4,0.5000,6.75
https://stats47.jp/ranking/wakame-consumption-quantity,2,28,0.0714,6.57
https://stats47.jp/ranking/wedding-expense-consumption-expenditure,2,2,1.0000,4.00
https://stats47.jp/ranking/whitebait-consumption-quantity,2,14,0.1429,6.79
https://stats47.jp/survey/kakei-chousa,2,24,0.0833,9.92
https://stats47.jp/areas/01000/cities/01517,1,5,0.2000,38.20
https://stats47.jp/areas/18000/agriculture,1,12,0.0833,10.50
https://stats47.jp/areas/46000/cities/46524,1,1,1.0000,11.00
https://stats47.jp/blog/aging-solo-living-crisis,1,60,0.0167,13.65
https://stats47.jp/blog/education-cost-per-child,1,15,0.0667,4.40
https://stats47.jp/blog/household-solo-vs-dualincome,1,104,0.0096,6.85
https://stats47.jp/blog/housing-cost-livability-trend,1,11,0.0909,7.73
https://stats47.jp/blog/library-museum-cultural-capital,1,31,0.0323,8.61
https://stats47.jp/blog/local-tax-regional-gap,1,49,0.0204,8.31
https://stats47.jp/blog/marriage-unmarried-crisis,1,79,0.0127,7.95
https://stats47.jp/blog/overseas-travel-gap,1,2,0.5000,10.00
https://stats47.jp/blog/pollution-complaints-regional-map,1,37,0.0270,8.11
https://stats47.jp/blog/precipitation-snow-regional-gap,1,103,0.0097,16.50
https://stats47.jp/blog/purchasing-power-adjusted,1,63,0.0159,15.32
https://stats47.jp/blog/small-business-dominance-map,1,4,0.2500,5.75
https://stats47.jp/blog/suicide-rate-aging-nexus,1,40,0.0250,11.15
https://stats47.jp/blog/sunshine-pacific-vs-nihonkai,1,92,0.0109,11.13
https://stats47.jp/blog/workplace-accident-regional-map,1,8,0.1250,5.25
https://stats47.jp/commercial/commerce-service-industry/dashboard/19000,1,1,1.0000,10.00
https://stats47.jp/educationsports/junior-high-school/ranking/junior-high-school-students-per-teacher,1,6,0.1667,5.50
https://stats47.jp/educationsports/special-education/dashboard/05000,1,3,0.3333,8.67
https://stats47.jp/infrastructure/roads/dashboard/25000,1,2,0.5000,6.50
https://stats47.jp/ranking/boys-school-uniform-consumption-expenditure,1,2,0.5000,4.50
https://stats47.jp/ranking/cake-consumption-expenditure,1,59,0.0169,7.93
https://stats47.jp/ranking/coffee-consumption-quantity,1,17,0.0588,8.18
https://stats47.jp/ranking/cup-noodles-consumption-quantity,1,12,0.0833,9.67
https://stats47.jp/ranking/deaths-hypertensive-diseases,1,4,0.2500,7.25
https://stats47.jp/ranking/dental-technician-rate,1,2,0.5000,7.50
https://stats47.jp/ranking/dressing-consumption-expenditure,1,6,0.1667,8.33
https://stats47.jp/ranking/dressing-consumption-quantity,1,15,0.0667,7.00
https://stats47.jp/ranking/dried-udon-soba-consumption-expenditure,1,11,0.0909,15.00
https://stats47.jp/ranking/fresh-udon-soba-consumption-quantity,1,56,0.0179,9.64
https://stats47.jp/ranking/fried-tofu-consumption-expenditure,1,11,0.0909,7.82
https://stats47.jp/ranking/grape-consumption-quantity,1,4,0.2500,4.75
https://stats47.jp/ranking/green-tea-consumption-quantity,1,59,0.0169,7.41
https://stats47.jp/ranking/happoshu-consumption-quantity,1,8,0.1250,9.38
https://stats47.jp/ranking/ketchup-consumption-quantity,1,75,0.0133,7.69
https://stats47.jp/ranking/konbu-consumption-expenditure,1,6,0.1667,6.67
https://stats47.jp/ranking/large-retail-store-count-per-100k,1,23,0.0435,8.04
https://stats47.jp/ranking/leek-consumption-quantity,1,21,0.0476,7.67
https://stats47.jp/ranking/manufacturing-net-value-added-private,1,12,0.0833,39.25
https://stats47.jp/ranking/mens-shoes-consumption-expenditure,1,5,0.2000,8.00
https://stats47.jp/ranking/miso-consumption-quantity,1,82,0.0122,7.90
https://stats47.jp/ranking/orange-consumption-quantity,1,4,0.2500,5.50
https://stats47.jp/ranking/other-processed-meat-consumption-expenditure,1,2,0.5000,6.50
https://stats47.jp/ranking/pickled-plum-consumption-quantity,1,23,0.0435,5.96
https://stats47.jp/ranking/potato-consumption-quantity,1,54,0.0185,6.74
https://stats47.jp/ranking/propane-gas-consumption-expenditure,1,4,0.2500,8.75
https://stats47.jp/ranking/psychiatric-hospital-count-per-100k,1,28,0.0357,11.21
https://stats47.jp/ranking/ramen-dining-consumption-expenditure,1,9,0.1111,7.00
https://stats47.jp/ranking/road-general-prefectural-length,1,23,0.0435,12.30
https://stats47.jp/ranking/roadside-station-count,1,103,0.0097,10.48
https://stats47.jp/ranking/sewage-treatment-coverage-rate,1,17,0.0588,13.71
https://stats47.jp/ranking/spinach-consumption-quantity,1,2,0.5000,6.50
https://stats47.jp/ranking/sports-participation-rate-skiing,1,4,0.2500,14.75
https://stats47.jp/ranking/sports-participation-rate-table-tennis,1,5,0.2000,9.20
https://stats47.jp/ranking/squid-consumption-expenditure,1,3,0.3333,10.67
https://stats47.jp/ranking/strawberry-consumption-expenditure,1,12,0.0833,7.75
https://stats47.jp/ranking/strawberry-consumption-quantity,1,33,0.0303,7.64
https://stats47.jp/ranking/sugar-consumption-expenditure,1,24,0.0417,8.58
https://stats47.jp/ranking/sushi-dining-consumption-expenditure,1,24,0.0417,8.79
https://stats47.jp/ranking/tissue-paper-consumption-expenditure,1,52,0.0192,7.38
https://stats47.jp/ranking/umbrella-consumption-expenditure,1,7,0.1429,6.86
https://stats47.jp/ranking/white-bread-consumption-expenditure,1,13,0.0769,8.69
https://stats47.jp/tag/digital-transformation,1,1,1.0000,8.00
https://stats47.jp/administrativefinancial,0,1,0.0000,4.00
https://stats47.jp/administrativefinancial/fiscal-indicators/ranking/standard-fiscal-revenue,0,2,0.0000,1.50
https://stats47.jp/administrativefinancial/revenue/dashboard/26000,0,5,0.0000,5.80
https://stats47.jp/administrativefinancial/revenue/ranking/local-tax-ratio-pref-finance,0,4,0.0000,8.50
https://stats47.jp/administrativefinancial/staff-assembly-election/dashboard/32000,0,1,0.0000,13.00
https://stats47.jp/administrativefinancial/tax-revenue/dashboard,0,1,0.0000,12.00
https://stats47.jp/administrativefinancial/tax-revenue/dashboard/39000,0,3,0.0000,14.67
https://stats47.jp/agriculture/agricultural-production/dashboard,0,1,0.0000,10.00
https://stats47.jp/agriculture/agricultural-production/dashboard/02000,0,2,0.0000,17.50
https://stats47.jp/agriculture/agricultural-production/dashboard/05000,0,1,0.0000,10.00
https://stats47.jp/agriculture/agricultural-production/dashboard/27000,0,1,0.0000,4.00
https://stats47.jp/agriculture/agricultural-production/dashboard/29000,0,6,0.0000,8.50
https://stats47.jp/agriculture/fishery/dashboard/02000,0,1,0.0000,5.00
https://stats47.jp/agriculture/fishery/dashboard/45000,0,1,0.0000,10.00
https://stats47.jp/areas,0,27,0.0000,27.70
https://stats47.jp/areas/01000/cities/01215,0,4,0.0000,40.75
https://stats47.jp/areas/01000/cities/01217,0,9,0.0000,16.11
https://stats47.jp/areas/01000/cities/01220,0,2,0.0000,37.00
https://stats47.jp/areas/01000/cities/01231,0,3,0.0000,32.67
https://stats47.jp/areas/01000/cities/01345,0,3,0.0000,35.33
https://stats47.jp/areas/01000/cities/01371,0,1,0.0000,88.00
https://stats47.jp/areas/01000/cities/01607,0,2,0.0000,33.50
https://stats47.jp/areas/01000/cities/01636,0,2,0.0000,39.00
https://stats47.jp/areas/02000/agriculture,0,5,0.0000,9.00
https://stats47.jp/areas/02000/cities/02201,0,5,0.0000,47.00
https://stats47.jp/areas/02000/cities/02202,0,11,0.0000,40.27
https://stats47.jp/areas/02000/cities/02203,0,1,0.0000,50.00
https://stats47.jp/areas/02000/cities/02204,0,2,0.0000,41.00
https://stats47.jp/areas/02000/cities/02205,0,10,0.0000,25.60
https://stats47.jp/areas/02000/cities/02206,0,3,0.0000,32.00
https://stats47.jp/areas/02000/cities/02207,0,2,0.0000,37.00
https://stats47.jp/areas/02000/cities/02208,0,2,0.0000,42.50
https://stats47.jp/areas/02000/cities/02209,0,4,0.0000,23.50
https://stats47.jp/areas/02000/cities/02210,0,5,0.0000,34.00
https://stats47.jp/areas/02000/cities/02367,0,1,0.0000,6.00
https://stats47.jp/areas/02000/cities/02405,0,1,0.0000,47.00
https://stats47.jp/areas/02000/cities/02423,0,1,0.0000,9.00
https://stats47.jp/areas/03000,0,2,0.0000,7.50
https://stats47.jp/areas/03000/cities/03202,0,3,0.0000,41.67
https://stats47.jp/areas/03000/cities/03211,0,2,0.0000,36.00
https://stats47.jp/areas/03000/miningindustry,0,4,0.0000,8.25
https://stats47.jp/areas/04000/04208,0,1,0.0000,34.00
https://stats47.jp/areas/04000/04213,0,3,0.0000,67.67
https://stats47.jp/areas/04000/cities/04100,0,2,0.0000,8.00
https://stats47.jp/areas/04000/cities/04202,0,1,0.0000,57.00
https://stats47.jp/areas/04000/cities/04203,0,4,0.0000,30.25
https://stats47.jp/areas/04000/cities/04205,0,12,0.0000,43.08
https://stats47.jp/areas/04000/cities/04206,0,1,0.0000,43.00
https://stats47.jp/areas/04000/cities/04207,0,2,0.0000,35.50
https://stats47.jp/areas/04000/cities/04208,0,2,0.0000,24.00
https://stats47.jp/areas/04000/cities/04214,0,1,0.0000,43.00
https://stats47.jp/areas/04000/cities/04302,0,2,0.0000,26.00
https://stats47.jp/areas/04000/cities/04324,0,1,0.0000,37.00
https://stats47.jp/areas/06000/06213,0,2,0.0000,57.50
https://stats47.jp/areas/06000/cities/06201,0,5,0.0000,61.20
https://stats47.jp/areas/06000/cities/06205,0,2,0.0000,37.50
https://stats47.jp/areas/06000/cities/06206,0,1,0.0000,7.00
https://stats47.jp/areas/06000/cities/06210,0,6,0.0000,35.67
https://stats47.jp/areas/06000/cities/06211,0,6,0.0000,13.17
https://stats47.jp/areas/06000/cities/06322,0,1,0.0000,10.00
https://stats47.jp/areas/06000/educationsports,0,2,0.0000,7.50
https://stats47.jp/areas/06000/population,0,9,0.0000,24.33
https://stats47.jp/areas/07000/07210,0,4,0.0000,40.00
https://stats47.jp/areas/07000/07211,0,3,0.0000,70.67
https://stats47.jp/areas/07000/cities/07201,0,2,0.0000,9.50
https://stats47.jp/areas/07000/cities/07204,0,4,0.0000,25.25
https://stats47.jp/areas/07000/cities/07205,0,8,0.0000,24.13
https://stats47.jp/areas/07000/cities/07207,0,10,0.0000,18.30
https://stats47.jp/areas/07000/cities/07208,0,3,0.0000,43.33
https://stats47.jp/areas/07000/cities/07210,0,1,0.0000,35.00
https://stats47.jp/areas/07000/cities/07212,0,2,0.0000,47.00
https://stats47.jp/areas/07000/cities/07214,0,1,0.0000,46.00
https://stats47.jp/areas/07000/cities/07301,0,3,0.0000,16.67
https://stats47.jp/areas/08000,0,4,0.0000,7.75
https://stats47.jp/areas/08000/cities/08204,0,4,0.0000,27.00
https://stats47.jp/areas/08000/cities/08212,0,2,0.0000,44.50
https://stats47.jp/areas/09000,0,1,0.0000,3.00
https://stats47.jp/areas/09000/cities/09206,0,3,0.0000,20.67
https://stats47.jp/areas/09000/cities/09211,0,10,0.0000,27.50
https://stats47.jp/areas/09000/cities/09215,0,2,0.0000,46.00
https://stats47.jp/areas/09000/cities/09361,0,1,0.0000,11.00
https://stats47.jp/areas/09000/socialsecurity,0,1,0.0000,11.00
https://stats47.jp/areas/10000/cities/10201,0,15,0.0000,27.47
https://stats47.jp/areas/10000/cities/10204,0,10,0.0000,18.10
https://stats47.jp/areas/10000/cities/10206,0,2,0.0000,20.00
https://stats47.jp/areas/10000/cities/10208,0,5,0.0000,32.00
https://stats47.jp/areas/10000/cities/10211,0,5,0.0000,25.60
https://stats47.jp/areas/10000/cities/10464,0,3,0.0000,9.33
https://stats47.jp/areas/12000,0,1,0.0000,5.00
https://stats47.jp/areas/12000/cities/12212,0,1,0.0000,6.00
https://stats47.jp/areas/12000/cities/12232,0,2,0.0000,23.00
https://stats47.jp/areas/12000/cities/12410,0,1,0.0000,8.00
https://stats47.jp/areas/12000/cities/12443,0,10,0.0000,6.40
https://stats47.jp/areas/13000,0,1,0.0000,4.00
https://stats47.jp/areas/13000/administrativefinancial,0,3,0.0000,7.00
https://stats47.jp/areas/13000/agriculture,0,2,0.0000,11.00
https://stats47.jp/areas/13000/cities/13227,0,3,0.0000,29.33
https://stats47.jp/areas/13000/commercial,0,3,0.0000,6.33
https://stats47.jp/areas/13000/construction,0,4,0.0000,8.00
https://stats47.jp/areas/13000/economy,0,3,0.0000,4.67
https://stats47.jp/areas/13000/educationsports,0,1,0.0000,8.00
https://stats47.jp/areas/13000/miningindustry,0,6,0.0000,7.00
https://stats47.jp/areas/13000/safetyenvironment,0,1,0.0000,5.00
https://stats47.jp/areas/14000,0,1,0.0000,1.00
https://stats47.jp/areas/14000/cities/14203,0,3,0.0000,25.33
https://stats47.jp/areas/14000/cities/14206,0,1,0.0000,47.00
https://stats47.jp/areas/14000/cities/14207,0,21,0.0000,24.52
https://stats47.jp/areas/14000/cities/14214,0,8,0.0000,32.88
https://stats47.jp/areas/14000/cities/14217,0,7,0.0000,43.14
https://stats47.jp/areas/14000/cities/14321,0,2,0.0000,35.50
https://stats47.jp/areas/14000/cities/14361,0,2,0.0000,16.50
https://stats47.jp/areas/14000/cities/14363,0,2,0.0000,36.00
https://stats47.jp/areas/14000/cities/14364,0,1,0.0000,9.00
https://stats47.jp/areas/14000/cities/14366,0,2,0.0000,27.50
https://stats47.jp/areas/14000/cities/14382,0,1,0.0000,40.00
https://stats47.jp/areas/14000/cities/14383,0,2,0.0000,59.50
https://stats47.jp/areas/14000/educationsports,0,14,0.0000,9.07
https://stats47.jp/areas/15000,0,1,0.0000,6.00
https://stats47.jp/areas/15000/cities/15204,0,2,0.0000,46.50
https://stats47.jp/areas/15000/cities/15205,0,6,0.0000,26.50
https://stats47.jp/areas/15000/cities/15206,0,2,0.0000,34.00
https://stats47.jp/areas/15000/cities/15208,0,9,0.0000,24.67
https://stats47.jp/areas/15000/cities/15209,0,2,0.0000,39.50
https://stats47.jp/areas/15000/cities/15210,0,2,0.0000,21.00
https://stats47.jp/areas/15000/cities/15211,0,3,0.0000,35.67
https://stats47.jp/areas/15000/cities/15213,0,7,0.0000,41.86
https://stats47.jp/areas/15000/cities/15216,0,6,0.0000,30.00
https://stats47.jp/areas/15000/cities/15217,0,3,0.0000,28.00
https://stats47.jp/areas/15000/cities/15218,0,5,0.0000,42.40
https://stats47.jp/areas/15000/cities/15222,0,5,0.0000,41.00
https://stats47.jp/areas/15000/cities/15223,0,11,0.0000,14.09
https://stats47.jp/areas/15000/cities/15224,0,9,0.0000,12.33
https://stats47.jp/areas/15000/cities/15226,0,3,0.0000,28.67
https://stats47.jp/areas/15000/cities/15586,0,1,0.0000,10.00
https://stats47.jp/areas/15000/commercial,0,3,0.0000,7.33
https://stats47.jp/areas/15000/educationsports,0,7,0.0000,4.00
https://stats47.jp/areas/15000/miningindustry,0,5,0.0000,2.20
https://stats47.jp/areas/15000/population,0,25,0.0000,23.60
https://stats47.jp/areas/17000/administrativefinancial,0,7,0.0000,9.71
https://stats47.jp/areas/17000/cities/17201,0,7,0.0000,55.29
https://stats47.jp/areas/17000/cities/17202,0,2,0.0000,36.50
https://stats47.jp/areas/17000/cities/17204,0,5,0.0000,32.80
https://stats47.jp/areas/17000/cities/17206,0,8,0.0000,24.75
https://stats47.jp/areas/17000/cities/17207,0,18,0.0000,16.56
https://stats47.jp/areas/17000/cities/17210,0,9,0.0000,35.11
https://stats47.jp/areas/17000/cities/17212,0,25,0.0000,10.80
https://stats47.jp/areas/18000,0,1,0.0000,5.00
https://stats47.jp/areas/18000/administrativefinancial,0,1,0.0000,19.00
https://stats47.jp/areas/18000/cities/18205,0,2,0.0000,26.50
https://stats47.jp/areas/18000/cities/18483,0,1,0.0000,32.00
https://stats47.jp/areas/18000/commercial,0,3,0.0000,9.33
https://stats47.jp/areas/18000/construction,0,13,0.0000,7.31
https://stats47.jp/areas/18000/educationsports,0,10,0.0000,2.10
https://stats47.jp/areas/18000/laborwage,0,2,0.0000,6.50
https://stats47.jp/areas/18000/landweather,0,3,0.0000,7.00
https://stats47.jp/areas/18000/miningindustry,0,11,0.0000,4.00
https://stats47.jp/areas/20000,0,3,0.0000,7.67
https://stats47.jp/areas/20000/20201,0,2,0.0000,26.00
https://stats47.jp/areas/20000/20204,0,1,0.0000,10.00
https://stats47.jp/areas/20000/20214,0,1,0.0000,48.00
https://stats47.jp/areas/20000/cities/20202,0,4,0.0000,32.25
https://stats47.jp/areas/20000/cities/20203,0,7,0.0000,33.57
https://stats47.jp/areas/20000/cities/20207,0,1,0.0000,42.00
https://stats47.jp/areas/20000/cities/20212,0,8,0.0000,27.75
https://stats47.jp/areas/20000/cities/20214,0,8,0.0000,17.50
https://stats47.jp/areas/20000/cities/20217,0,2,0.0000,38.50
https://stats47.jp/areas/21000,0,1,0.0000,1.00
https://stats47.jp/areas/21000/21404,0,2,0.0000,9.00
https://stats47.jp/areas/21000/cities/21404,0,3,0.0000,8.33
https://stats47.jp/areas/21000/cities/21421,0,1,0.0000,2.00
https://stats47.jp/areas/22000/22130,0,1,0.0000,37.00
https://stats47.jp/areas/22000/22206,0,1,0.0000,43.00
https://stats47.jp/areas/22000/22209,0,1,0.0000,50.00
https://stats47.jp/areas/22000/22219,0,1,0.0000,48.00
https://stats47.jp/areas/22000/cities/22130,0,3,0.0000,15.33
https://stats47.jp/areas/22000/cities/22203,0,6,0.0000,43.00
https://stats47.jp/areas/22000/cities/22206,0,6,0.0000,31.00
https://stats47.jp/areas/22000/cities/22212,0,1,0.0000,50.00
https://stats47.jp/areas/22000/cities/22213,0,3,0.0000,32.00
https://stats47.jp/areas/22000/cities/22223,0,3,0.0000,9.33
https://stats47.jp/areas/23000,0,1,0.0000,1.00
https://stats47.jp/areas/23000/23209,0,1,0.0000,44.00
https://stats47.jp/areas/23000/cities/23204,0,6,0.0000,26.50
https://stats47.jp/areas/23000/cities/23209,0,20,0.0000,7.25
https://stats47.jp/areas/23000/cities/23210,0,7,0.0000,31.71
https://stats47.jp/areas/23000/cities/23211,0,1,0.0000,60.00
https://stats47.jp/areas/23000/cities/23214,0,6,0.0000,17.67
https://stats47.jp/areas/23000/cities/23220,0,3,0.0000,19.33
https://stats47.jp/areas/24000/cities/24201,0,8,0.0000,44.88
https://stats47.jp/areas/24000/cities/24202,0,2,0.0000,48.00
https://stats47.jp/areas/24000/cities/24203,0,1,0.0000,34.00
https://stats47.jp/areas/24000/cities/24204,0,2,0.0000,35.00
https://stats47.jp/areas/24000/cities/24205,0,3,0.0000,46.67
https://stats47.jp/areas/24000/cities/24207,0,1,0.0000,48.00
https://stats47.jp/areas/24000/cities/24208,0,10,0.0000,30.50
https://stats47.jp/areas/24000/cities/24209,0,4,0.0000,44.25
https://stats47.jp/areas/24000/cities/24210,0,2,0.0000,32.50
https://stats47.jp/areas/24000/cities/24211,0,5,0.0000,29.00
https://stats47.jp/areas/24000/cities/24215,0,4,0.0000,41.75
https://stats47.jp/areas/24000/cities/24303,0,1,0.0000,11.00
https://stats47.jp/areas/24000/cities/24324,0,1,0.0000,1.00
https://stats47.jp/areas/24000/cities/24341,0,1,0.0000,44.00
https://stats47.jp/areas/24000/cities/24543,0,1,0.0000,46.00
https://stats47.jp/areas/25000,0,5,0.0000,5.20
https://stats47.jp/areas/25000/cities/25202,0,8,0.0000,35.88
https://stats47.jp/areas/25000/cities/25204,0,3,0.0000,43.33
https://stats47.jp/areas/25000/cities/25207,0,3,0.0000,42.67
https://stats47.jp/areas/25000/cities/25209,0,9,0.0000,10.44
https://stats47.jp/areas/25000/cities/25210,0,3,0.0000,40.33
https://stats47.jp/areas/25000/cities/25214,0,6,0.0000,34.50
https://stats47.jp/areas/25000/economy,0,9,0.0000,8.78
https://stats47.jp/areas/26000,0,2,0.0000,5.50
https://stats47.jp/areas/26000/cities/26344,0,1,0.0000,2.00
https://stats47.jp/areas/26000/cities/26366,0,1,0.0000,9.00
https://stats47.jp/areas/27000,0,3,0.0000,5.00
https://stats47.jp/areas/27000/miningindustry,0,4,0.0000,1.75
https://stats47.jp/areas/27000/safetyenvironment,0,1,0.0000,8.00
https://stats47.jp/areas/27000/tourism,0,1,0.0000,10.00
https://stats47.jp/areas/28000,0,3,0.0000,1.67
https://stats47.jp/areas/28000/administrativefinancial,0,9,0.0000,7.44
https://stats47.jp/areas/28000/agriculture,0,6,0.0000,7.83
https://stats47.jp/areas/28000/construction,0,5,0.0000,5.20
https://stats47.jp/areas/28000/laborwage,0,1,0.0000,7.00
https://stats47.jp/areas/28000/population,0,5,0.0000,29.60
https://stats47.jp/areas/28000/safetyenvironment,0,3,0.0000,30.00
https://stats47.jp/areas/29000/29202,0,2,0.0000,64.50
https://stats47.jp/areas/29000/agriculture,0,5,0.0000,9.60
https://stats47.jp/areas/29000/cities/29202,0,4,0.0000,40.75
https://stats47.jp/areas/29000/cities/29207,0,2,0.0000,32.00
https://stats47.jp/areas/29000/cities/29210,0,4,0.0000,45.00
https://stats47.jp/areas/29000/cities/29212,0,1,0.0000,11.00
https://stats47.jp/areas/29000/cities/29363,0,2,0.0000,17.50
https://stats47.jp/areas/29000/cities/29450,0,2,0.0000,10.00
https://stats47.jp/areas/29000/economy,0,5,0.0000,8.60
https://stats47.jp/areas/29000/educationsports,0,7,0.0000,2.57
https://stats47.jp/areas/29000/miningindustry,0,4,0.0000,3.00
https://stats47.jp/areas/30000,0,3,0.0000,6.00
https://stats47.jp/areas/31000,0,5,0.0000,4.80
https://stats47.jp/areas/31000/cities/31202,0,4,0.0000,28.00
https://stats47.jp/areas/33000,0,1,0.0000,1.00
https://stats47.jp/areas/33000/33666,0,1,0.0000,10.00
https://stats47.jp/areas/33000/cities/33205,0,3,0.0000,45.33
https://stats47.jp/areas/33000/cities/33207,0,1,0.0000,45.00
https://stats47.jp/areas/33000/cities/33209,0,2,0.0000,41.00
https://stats47.jp/areas/33000/cities/33211,0,6,0.0000,20.83
https://stats47.jp/areas/33000/cities/33212,0,5,0.0000,34.80
https://stats47.jp/areas/33000/cities/33215,0,7,0.0000,32.57
https://stats47.jp/areas/33000/cities/33216,0,4,0.0000,36.50
https://stats47.jp/areas/33000/cities/33346,0,11,0.0000,47.73
https://stats47.jp/areas/33000/cities/33666,0,4,0.0000,3.50
https://stats47.jp/areas/33000/landweather,0,5,0.0000,25.60
https://stats47.jp/areas/33000/population,0,34,0.0000,29.18
https://stats47.jp/areas/33000/safetyenvironment,0,1,0.0000,37.00
https://stats47.jp/areas/33000/socialsecurity,0,4,0.0000,10.50
https://stats47.jp/areas/34000,0,5,0.0000,2.60
https://stats47.jp/areas/35000,0,2,0.0000,3.00
https://stats47.jp/areas/35000/35202,0,1,0.0000,50.00
https://stats47.jp/areas/35000/35210,0,2,0.0000,56.00
https://stats47.jp/areas/35000/cities/35215,0,3,0.0000,40.67
https://stats47.jp/areas/37000,0,2,0.0000,10.00
https://stats47.jp/areas/37000/administrativefinancial,0,4,0.0000,6.25
https://stats47.jp/areas/37000/cities/37205,0,5,0.0000,37.00
https://stats47.jp/areas/37000/cities/37206,0,2,0.0000,24.50
https://stats47.jp/areas/37000/cities/37386,0,3,0.0000,9.33
https://stats47.jp/areas/38000/cities/38201,0,6,0.0000,44.00
https://stats47.jp/areas/38000/cities/38206,0,8,0.0000,24.13
https://stats47.jp/areas/38000/cities/38215,0,3,0.0000,28.33
https://stats47.jp/areas/38000/cities/38506,0,3,0.0000,32.00
https://stats47.jp/areas/40000/cities/40203,0,4,0.0000,38.50
https://stats47.jp/areas/40000/cities/40212,0,3,0.0000,36.00
https://stats47.jp/areas/41000/cities/41327,0,1,0.0000,4.00
https://stats47.jp/areas/42000/cities/42201,0,1,0.0000,93.00
https://stats47.jp/areas/42000/cities/42203,0,5,0.0000,23.20
https://stats47.jp/areas/42000/cities/42204,0,4,0.0000,31.75
https://stats47.jp/areas/42000/cities/42207,0,3,0.0000,36.00
https://stats47.jp/areas/42000/cities/42208,0,4,0.0000,29.00
https://stats47.jp/areas/42000/cities/42209,0,2,0.0000,28.50
https://stats47.jp/areas/42000/cities/42210,0,8,0.0000,14.25
https://stats47.jp/areas/42000/cities/42211,0,3,0.0000,56.67
https://stats47.jp/areas/42000/cities/42212,0,2,0.0000,49.00
https://stats47.jp/areas/42000/cities/42213,0,3,0.0000,44.67
https://stats47.jp/areas/42000/cities/42307,0,10,0.0000,19.10
https://stats47.jp/areas/42000/cities/42391,0,1,0.0000,33.00
https://stats47.jp/areas/43000/43213,0,1,0.0000,48.00
https://stats47.jp/areas/43000/43215,0,1,0.0000,10.00
https://stats47.jp/areas/43000/cities/43203,0,2,0.0000,43.00
https://stats47.jp/areas/43000/cities/43215,0,6,0.0000,47.50
https://stats47.jp/areas/43000/cities/43348,0,1,0.0000,11.00
https://stats47.jp/areas/43000/cities/43442,0,1,0.0000,11.00
https://stats47.jp/areas/44000/cities/44202,0,8,0.0000,39.38
https://stats47.jp/areas/44000/cities/44203,0,5,0.0000,44.00
https://stats47.jp/areas/44000/cities/44204,0,4,0.0000,41.25
https://stats47.jp/areas/44000/cities/44206,0,1,0.0000,49.00
https://stats47.jp/areas/44000/cities/44207,0,6,0.0000,43.83
https://stats47.jp/areas/44000/cities/44208,0,1,0.0000,41.00
https://stats47.jp/areas/44000/cities/44209,0,3,0.0000,32.33
https://stats47.jp/areas/44000/cities/44210,0,2,0.0000,48.00
https://stats47.jp/areas/44000/cities/44211,0,1,0.0000,48.00
https://stats47.jp/areas/44000/cities/44212,0,4,0.0000,36.50
https://stats47.jp/areas/44000/cities/44213,0,4,0.0000,25.50
https://stats47.jp/areas/44000/cities/44214,0,2,0.0000,41.50
https://stats47.jp/areas/44000/cities/44322,0,2,0.0000,41.50
https://stats47.jp/areas/45000/cities/45202,0,1,0.0000,84.00
https://stats47.jp/areas/45000/cities/45203,0,3,0.0000,41.00
https://stats47.jp/areas/45000/cities/45204,0,6,0.0000,14.67
https://stats47.jp/areas/45000/cities/45206,0,2,0.0000,39.00
https://stats47.jp/areas/45000/cities/45207,0,12,0.0000,16.67
https://stats47.jp/areas/45000/cities/45208,0,1,0.0000,8.00
https://stats47.jp/areas/45000/cities/45341,0,1,0.0000,50.00
https://stats47.jp/areas/45000/cities/45382,0,1,0.0000,5.00
https://stats47.jp/areas/45000/cities/45431,0,4,0.0000,7.75
https://stats47.jp/areas/46000/46201,0,1,0.0000,25.00
https://stats47.jp/areas/46000/46203,0,1,0.0000,59.00
https://stats47.jp/areas/46000/46206,0,3,0.0000,42.33
https://stats47.jp/areas/46000/46225,0,2,0.0000,8.00
https://stats47.jp/areas/46000/cities/46204,0,3,0.0000,39.33
https://stats47.jp/areas/46000/cities/46206,0,1,0.0000,32.00
https://stats47.jp/areas/46000/cities/46208,0,2,0.0000,45.00
https://stats47.jp/areas/46000/cities/46217,0,3,0.0000,32.33
https://stats47.jp/areas/46000/cities/46221,0,2,0.0000,12.00
https://stats47.jp/areas/46000/cities/46222,0,7,0.0000,40.14
https://stats47.jp/areas/46000/cities/46224,0,3,0.0000,35.33
https://stats47.jp/areas/46000/cities/46225,0,8,0.0000,44.63
https://stats47.jp/areas/46000/cities/46505,0,1,0.0000,36.00
https://stats47.jp/areas/46000/cities/46527,0,1,0.0000,8.00
https://stats47.jp/areas/47000,0,1,0.0000,12.00
https://stats47.jp/areas/47000/construction,0,1,0.0000,10.00
https://stats47.jp/blog,0,26,0.0000,4.31
https://stats47.jp/blog/aging-rate-akita-vs-okinawa,0,26,0.0000,8.58
https://stats47.jp/blog/barber-beauty-salon-regional-gap,0,63,0.0000,10.08
https://stats47.jp/blog/birth-death-gap-decline,0,19,0.0000,22.32
https://stats47.jp/blog/commercial-land-price-trend,0,12,0.0000,6.17
https://stats47.jp/blog/consumer-price-regional-gap,0,287,0.0000,6.39
https://stats47.jp/blog/consumer-price-regional-gap-ranking,0,12,0.0000,7.25
https://stats47.jp/blog/cpi-change-regional-pattern,0,92,0.0000,6.79
https://stats47.jp/blog/crime-rate-regional-gap,0,81,0.0000,14.96
https://stats47.jp/blog/education-expenses-gap,0,6,0.0000,5.17
https://stats47.jp/blog/energy-consumption-structure-shift,0,5,0.0000,7.60
https://stats47.jp/blog/expenditure-structure-comparison,0,23,0.0000,6.65
https://stats47.jp/blog/fertility-fiscal-nexus,0,14,0.0000,15.64
https://stats47.jp/blog/firefighting-capacity-gap,0,111,0.0000,7.08
https://stats47.jp/blog/fiscal-health-50years-trend,0,14,0.0000,6.64
https://stats47.jp/blog/food-spending-pattern,0,42,0.0000,12.21
https://stats47.jp/blog/foreign-residents-diversity-map,0,127,0.0000,10.02
https://stats47.jp/blog/livable-prefecture-composite-ranking,0,24,0.0000,18.46
https://stats47.jp/blog/manufacturing-aichi-dominance,0,260,0.0000,8.16
https://stats47.jp/blog/marriage-divorce-okinawa,0,249,0.0000,9.87
https://stats47.jp/blog/minimum-wage-gap-regional-economy,0,17,0.0000,9.76
https://stats47.jp/blog/occupation-income-gap-pilot-vs-careworker,0,26,0.0000,8.15
https://stats47.jp/blog/overnight-guests-inbound-recovery,0,67,0.0000,7.69
https://stats47.jp/blog/per-capita-income-gap,0,123,0.0000,16.00
https://stats47.jp/blog/population-migration-tokyo-concentration,0,20,0.0000,10.95
https://stats47.jp/blog/prefecture-rank/average-height-high-school-second-grade-female/2022,0,3,0.0000,9.00
https://stats47.jp/blog/prefecture-rank/average-weight-high-school-second-grade-female/2022,0,1,0.0000,11.00
https://stats47.jp/blog/prefecture-rank/cpi-regional-difference-index-housing/2023,0,1,0.0000,6.00
https://stats47.jp/blog/prefecture-rank/large-retail-store-count-per-100k-alt/2021,0,2,0.0000,6.50
https://stats47.jp/blog/prefecture-rank/planned-construction-cost-per-m2/2023,0,7,0.0000,10.57
https://stats47.jp/blog/prefecture-rank/power-demand-amount/2022,0,1,0.0000,11.00
https://stats47.jp/blog/ryokan-vs-hotel-overnight-shift,0,24,0.0000,9.08
https://stats47.jp/blog/safe-driving-5-features,0,10,0.0000,8.60
https://stats47.jp/blog/safe-prefecture-features-ranking,0,12,0.0000,10.00
https://stats47.jp/blog/savings-balance-gap,0,12,0.0000,7.00
https://stats47.jp/blog/savings-rate-gap,0,5,0.0000,6.40
https://stats47.jp/blog/savings-rate-ranking,0,13,0.0000,7.08
https://stats47.jp/blog/school-nonattendance-pattern,0,29,0.0000,11.69
https://stats47.jp/blog/tags/%E9%80%9A%E5%8B%A4%E3%83%BB%E9%80%9A%E5%AD%A6,0,1,0.0000,2.00
https://stats47.jp/blog/traffic-accident-deaths-ranking,0,5,0.0000,9.40
https://stats47.jp/blog/traffic-accident-deaths-regional-risk,0,8,0.0000,6.75
https://stats47.jp/blog/unmarried-rate-40years-crisis,0,3,0.0000,12.33
https://stats47.jp/blog/vacant-house-crisis,0,33,0.0000,24.09
https://stats47.jp/blog/wage-vs-living-cost,0,49,0.0000,7.49
https://stats47.jp/blog/waiting-children-progress,0,44,0.0000,4.61
https://stats47.jp/blog/water-infrastructure-crisis,0,14,0.0000,17.00
https://stats47.jp/blog/water-sewage-crisis,0,37,0.0000,13.08
https://stats47.jp/category/administrativefinancial,0,11,0.0000,3.45
https://stats47.jp/category/commercial,0,3,0.0000,11.33
https://stats47.jp/category/construction,0,3,0.0000,11.33
https://stats47.jp/category/economy,0,2,0.0000,5.50
https://stats47.jp/commercial,0,5,0.0000,10.00
https://stats47.jp/commercial/commerce-service-industry/ranking/annual-sales-amount-per-employee,0,3,0.0000,10.33
https://stats47.jp/commercial/commerce-service-industry/ranking/annual-sales-amount-per-employee?year=2021,0,2,0.0000,8.50
https://stats47.jp/commercial/commerce-service-industry/ranking/barber-beauty-salon-count-per-100k?year=2022,0,29,0.0000,4.07
https://stats47.jp/commercial/commercial-facilities/ranking/annual-sales-amount?year=2022,0,12,0.0000,7.58
https://stats47.jp/compare/administrativefinancial,0,8,0.0000,5.00
https://stats47.jp/compare/commercial,0,10,0.0000,5.20
https://stats47.jp/compare/construction,0,8,0.0000,6.88
https://stats47.jp/compare/economy,0,8,0.0000,7.63
https://stats47.jp/compare/educationsports,0,11,0.0000,7.73
https://stats47.jp/compare/ict,0,2,0.0000,5.00
https://stats47.jp/compare/landweather,0,5,0.0000,5.80
https://stats47.jp/compare/miningindustry,0,5,0.0000,5.40
https://stats47.jp/compare/population,0,10,0.0000,10.40
https://stats47.jp/compare/safetyenvironment,0,3,0.0000,7.00
https://stats47.jp/compare/socialsecurity,0,1,0.0000,2.00
https://stats47.jp/construction,0,6,0.0000,5.50
https://stats47.jp/construction/basic-population/dashboard/00000,0,1,0.0000,10.00
https://stats47.jp/construction/housing-ownership/dashboard/19000,0,1,0.0000,11.00
https://stats47.jp/construction/housing-ownership/ranking/owner-occupied-housing,0,2,0.0000,7.50
https://stats47.jp/construction/housing-statistics/dashboard/20000,0,1,0.0000,11.00
https://stats47.jp/construction/housing-statistics/dashboard/38000,0,1,0.0000,8.00
https://stats47.jp/construction/housing-statistics/ranking/public-rental-housing-rent-per-3-3m2,0,2,0.0000,11.00
https://stats47.jp/correlation,0,9,0.0000,5.56
https://stats47.jp/dashboard/01402/administrativefinancial/fiscal-indicators,0,1,0.0000,53.00
https://stats47.jp/dashboard/05000/administrativefinancial/revenue,0,1,0.0000,9.00
https://stats47.jp/dashboard/11000/laborwage/labor-force-structure,0,1,0.0000,11.00
https://stats47.jp/dashboard/18000/economy/household-economy,0,1,0.0000,10.00
https://stats47.jp/dashboard/21000/educationsports/high-school,0,1,0.0000,6.00
https://stats47.jp/dashboard/23000/administrativefinancial/expenditure,0,2,0.0000,11.00
https://stats47.jp/dashboard/23000/construction/housing-ownership,0,3,0.0000,7.67
https://stats47.jp/dashboard/23000/population/population-movement,0,1,0.0000,10.00
https://stats47.jp/dashboard/23000/safetyenvironment/disaster,0,1,0.0000,10.00
https://stats47.jp/dashboard/26000/educationsports/high-school,0,1,0.0000,12.00
https://stats47.jp/dashboard/26000/safetyenvironment/police-crime,0,4,0.0000,8.25
https://stats47.jp/dashboard/28000/socialsecurity/medical-facilities,0,2,0.0000,3.00
https://stats47.jp/dashboard/30000/economy/household-economy,0,1,0.0000,3.00
https://stats47.jp/dashboard/39000/landweather/weather-climate,0,1,0.0000,8.00
https://stats47.jp/dashboard/41000/population/population-movement,0,3,0.0000,3.67
https://stats47.jp/economy/consumer-price-difference-index/dashboard/17000,0,1,0.0000,11.00
https://stats47.jp/economy/consumer-price-difference-index/ranking/cpi-change-rate-overall-incl-imputed-rent,0,6,0.0000,3.17
https://stats47.jp/economy/gross-product-economic-indicators/dashboard/40000,0,2,0.0000,11.00
https://stats47.jp/economy/household-economy/dashboard/44000,0,1,0.0000,3.00
https://stats47.jp/educationsports/college-university/ranking/final-education-university-graduate-school-ratio,0,25,0.0000,3.84
https://stats47.jp/educationsports/college-university/ranking/private-university-student-ratio,0,33,0.0000,7.24
https://stats47.jp/educationsports/college-university/ranking/university-count-per-100k,0,7,0.0000,4.86
https://stats47.jp/educationsports/cultural-facilities/dashboard/13000,0,1,0.0000,10.00
https://stats47.jp/educationsports/educational-attainment/dashboard/13000,0,1,0.0000,6.00
https://stats47.jp/educationsports/elementary-school/dashboard/24000,0,1,0.0000,10.00
https://stats47.jp/educationsports/elementary-school/dashboard/39000,0,1,0.0000,7.00
https://stats47.jp/educationsports/high-school/dashboard/08000,0,3,0.0000,6.33
https://stats47.jp/educationsports/high-school/ranking/education-cost-per-student-high-fulltime,0,2,0.0000,4.50
https://stats47.jp/educationsports/high-school/ranking/high-school-count?year=2023,0,2,0.0000,10.50
https://stats47.jp/educationsports/information-communication/dashboard/08000,0,1,0.0000,5.00
https://stats47.jp/educationsports/junior-high-school/ranking/junior-high-school-count-per-100k-12-14,0,2,0.0000,8.50
https://stats47.jp/educationsports/social-activities/dashboard/28000,0,1,0.0000,10.00
https://stats47.jp/educationsports/special-education/dashboard/06000,0,2,0.0000,11.50
https://stats47.jp/educationsports/special-education/dashboard/13000,0,2,0.0000,9.00
https://stats47.jp/educationsports/special-education/dashboard/19000,0,1,0.0000,12.00
https://stats47.jp/educationsports/special-education/dashboard/38000,0,1,0.0000,38.00
https://stats47.jp/energy/industrial-water/dashboard/26000,0,19,0.0000,29.32
https://stats47.jp/energy/infrastructure-energy/dashboard/31000,0,2,0.0000,9.50
https://stats47.jp/energy/infrastructure-energy/dashboard/46000,0,1,0.0000,4.00
https://stats47.jp/energy/water-supply-sewerage/dashboard/39000,0,1,0.0000,42.00
https://stats47.jp/energy/water-supply-sewerage/ranking,0,1,0.0000,9.00
https://stats47.jp/infrastructure/parks-greenery/dashboard/31000,0,1,0.0000,10.00
https://stats47.jp/infrastructure/parks-greenery/dashboard/40000,0,5,0.0000,6.40
https://stats47.jp/infrastructure/parks-greenery/ranking,0,2,0.0000,9.50
https://stats47.jp/infrastructure/public-transport/dashboard/06000,0,3,0.0000,7.67
https://stats47.jp/infrastructure/public-transport/dashboard/26000,0,5,0.0000,6.40
https://stats47.jp/infrastructure/roads/dashboard/10000,0,3,0.0000,6.00
https://stats47.jp/international/foreign-population/dashboard,0,1,0.0000,3.00
https://stats47.jp/international/foreign-population/dashboard/26000,0,2,0.0000,19.50
https://stats47.jp/laborwage/job-seeking-placement/dashboard/14000,0,1,0.0000,8.00
https://stats47.jp/laborwage/job-seeking-placement/dashboard/25000,0,2,0.0000,10.00
https://stats47.jp/laborwage/job-seeking-placement/dashboard/27000,0,1,0.0000,11.00
https://stats47.jp/laborwage/labor-force-structure/dashboard/06000,0,2,0.0000,9.50
https://stats47.jp/laborwage/labor-force-structure/dashboard/10000,0,3,0.0000,10.67
https://stats47.jp/laborwage/labor-force-structure/dashboard/26000,0,2,0.0000,5.00
https://stats47.jp/laborwage/labor-force-structure/ranking/employed-outside-the-prefecture?year=2023,0,5,0.0000,9.80
https://stats47.jp/laborwage/labor-force-structure/ranking/employed-people-ratio-primary,0,6,0.0000,9.00
https://stats47.jp/laborwage/labor-force-structure/ranking/labor-force-population?year=2020,0,3,0.0000,8.67
https://stats47.jp/landweather/land-area/dashboard/02000,0,3,0.0000,9.00
https://stats47.jp/landweather/land-area/dashboard/46000,0,1,0.0000,13.00
https://stats47.jp/landweather/weather-climate/dashboard/27000,0,6,0.0000,7.33
https://stats47.jp/landweather/weather-climate/dashboard/37000,0,3,0.0000,9.00
https://stats47.jp/landweather/weather-climate/dashboard/45000,0,1,0.0000,9.00
https://stats47.jp/landweather/weather-climate/ranking/annual-precipitation-days,0,25,0.0000,7.96
https://stats47.jp/landweather/weather-climate/ranking/average-relative-humidity,0,7,0.0000,9.57
https://stats47.jp/population,0,2,0.0000,7.00
https://stats47.jp/population/basic-population/dashboard/08000,0,1,0.0000,9.00
https://stats47.jp/population/basic-population/dashboard/12000,0,1,0.0000,11.00
https://stats47.jp/population/basic-population/dashboard/27000,0,1,0.0000,9.00
https://stats47.jp/population/birth-death,0,6,0.0000,5.50
https://stats47.jp/population/birth-death/dashboard/08000,0,5,0.0000,7.40
https://stats47.jp/population/birth-death/dashboard/40000,0,7,0.0000,4.71
https://stats47.jp/population/birth-death/dashboard/43000,0,1,0.0000,9.00
https://stats47.jp/population/birth-death/ranking/total-fertility-rate,0,1,0.0000,12.00
https://stats47.jp/population/households/dashboard/03000,0,1,0.0000,8.00
https://stats47.jp/population/households/dashboard/06000,0,3,0.0000,2.67
https://stats47.jp/population/households/dashboard/12000,0,1,0.0000,12.00
https://stats47.jp/population/households/dashboard/18000,0,2,0.0000,8.00
https://stats47.jp/population/households/dashboard/23000,0,1,0.0000,11.00
https://stats47.jp/population/households/dashboard/40000,0,1,0.0000,10.00
https://stats47.jp/population/households/ranking/general-household-members,0,1,0.0000,9.00
https://stats47.jp/population/marriage/dashboard/19000,0,1,0.0000,10.00
https://stats47.jp/population/marriage/dashboard/39000,0,1,0.0000,11.00
https://stats47.jp/population/marriage/ranking/divorces?year=2022,0,3,0.0000,1.00
https://stats47.jp/population/population-composition/dashboard/17000,0,1,0.0000,12.00
https://stats47.jp/population/population-composition/dashboard/30000,0,5,0.0000,12.20
https://stats47.jp/population/population-composition/ranking/young-population-ratio,0,1,0.0000,12.00
https://stats47.jp/population/population-movement/dashboard/04000,0,3,0.0000,16.67
https://stats47.jp/population/population-movement/dashboard/10000,0,1,0.0000,6.00
https://stats47.jp/population/population-movement/dashboard/15000,0,5,0.0000,6.60
https://stats47.jp/population/population-movement/dashboard/23000,0,11,0.0000,8.00
https://stats47.jp/population/population-movement/dashboard/38000,0,1,0.0000,3.00
https://stats47.jp/population/population-movement/dashboard/47000,0,5,0.0000,20.20
https://stats47.jp/privacy,0,2,0.0000,4.00
https://stats47.jp/ranking/actual-income-worker-households-per-month,0,2,0.0000,3.00
https://stats47.jp/ranking/adult-sneakers-consumption-expenditure,0,2,0.0000,5.50
https://stats47.jp/ranking/autolock-apartment-rate,0,7,0.0000,8.14
https://stats47.jp/ranking/avg-age-admin-prefecture,0,4,0.0000,25.25
https://stats47.jp/ranking/avg-salary-education-prefecture,0,13,0.0000,7.15
https://stats47.jp/ranking/bacon-consumption-quantity,0,23,0.0000,5.83
https://stats47.jp/ranking/barber-beauty-salon-count,0,15,0.0000,6.73
https://stats47.jp/ranking/bean-sprouts-consumption-expenditure,0,17,0.0000,7.76
https://stats47.jp/ranking/beans-consumption-expenditure,0,1,0.0000,13.00
https://stats47.jp/ranking/bed-utilization-rate,0,9,0.0000,5.44
https://stats47.jp/ranking/beer-consumption-expenditure,0,2,0.0000,8.00
https://stats47.jp/ranking/beer-consumption-quantity,0,3,0.0000,12.33
https://stats47.jp/ranking/blanket-consumption-expenditure,0,1,0.0000,10.00
https://stats47.jp/ranking/bonito-consumption-quantity,0,32,0.0000,7.84
https://stats47.jp/ranking/book-magazine-retail-annual-sales,0,2,0.0000,10.50
https://stats47.jp/ranking/botanical-garden-count,0,2,0.0000,6.00
https://stats47.jp/ranking/broccoli-consumption-quantity,0,10,0.0000,5.20
https://stats47.jp/ranking/burdock-consumption-expenditure,0,22,0.0000,9.23
https://stats47.jp/ranking/bus-commuter-pass-consumption-expenditure,0,46,0.0000,7.17
https://stats47.jp/ranking/bus-student-pass-consumption-expenditure,0,11,0.0000,7.00
https://stats47.jp/ranking/butter-consumption-expenditure,0,2,0.0000,8.50
https://stats47.jp/ranking/cabbage-consumption-expenditure,0,4,0.0000,10.75
https://stats47.jp/ranking/camera-consumption-expenditure,0,1,0.0000,9.00
https://stats47.jp/ranking/carbonated-drink-consumption-expenditure,0,1,0.0000,7.00
https://stats47.jp/ranking/carrot-consumption-quantity,0,16,0.0000,6.56
https://stats47.jp/ranking/cheese-consumption-quantity,0,14,0.0000,6.79
https://stats47.jp/ranking/chikuwa-consumption-expenditure,0,24,0.0000,8.08
https://stats47.jp/ranking/child-welfare-expenditure-ratio-pref-finance,0,2,0.0000,13.00
https://stats47.jp/ranking/chinese-food-dining-consumption-expenditure,0,4,0.0000,10.50
https://stats47.jp/ranking/chuhai-consumption-quantity,0,2,0.0000,6.50
https://stats47.jp/ranking/clam-consumption-quantity,0,8,0.0000,7.75
https://stats47.jp/ranking/cocoa-consumption-expenditure,0,4,0.0000,4.50
https://stats47.jp/ranking/coffee-drink-consumption-expenditure,0,1,0.0000,8.00
https://stats47.jp/ranking/coffee-shop-consumption-expenditure,0,7,0.0000,9.00
https://stats47.jp/ranking/commute-by-car,0,17,0.0000,6.88
https://stats47.jp/ranking/company-housing-rent-consumption-quantity,0,2,0.0000,1.00
https://stats47.jp/ranking/consumer-price-difference-index-furniture-household,0,2,0.0000,5.00
https://stats47.jp/ranking/consumer-price-difference-index-overall-excl-rent,0,11,0.0000,10.18
https://stats47.jp/ranking/consumer-price-difference-index-transport-communication,0,10,0.0000,5.60
https://stats47.jp/ranking/consumer-price-difference-index-utilities,0,2,0.0000,5.50
https://stats47.jp/ranking/cooking-appliance-consumption-expenditure,0,1,0.0000,12.00
https://stats47.jp/ranking/cooking-oil-consumption-expenditure,0,1,0.0000,8.00
https://stats47.jp/ranking/cpi-change-rate-clothing,0,1,0.0000,2.00
https://stats47.jp/ranking/cpi-change-rate-education,0,6,0.0000,3.83
https://stats47.jp/ranking/cpi-change-rate-housing,0,4,0.0000,5.25
https://stats47.jp/ranking/cpi-change-rate-miscellaneous,0,4,0.0000,5.50
https://stats47.jp/ranking/cpi-change-rate-transport-communication,0,2,0.0000,8.50
https://stats47.jp/ranking/cpi-regional-difference-index-total-51cities100,0,6,0.0000,9.17
https://stats47.jp/ranking/cucumber-consumption-expenditure,0,2,0.0000,8.50
https://stats47.jp/ranking/cucumber-consumption-quantity,0,13,0.0000,7.23
https://stats47.jp/ranking/cupboard-consumption-expenditure,0,1,0.0000,9.00
https://stats47.jp/ranking/current-liabilities-balance-multi-person-households-per-household,0,20,0.0000,11.40
https://stats47.jp/ranking/cut-flowers-consumption-expenditure,0,9,0.0000,7.33
https://stats47.jp/ranking/daikon-consumption-expenditure,0,35,0.0000,6.89
https://stats47.jp/ranking/daikon-consumption-quantity,0,9,0.0000,5.67
https://stats47.jp/ranking/dairy-cattle-count,0,39,0.0000,10.95
https://stats47.jp/ranking/department-supermarket-count-per-100k,0,25,0.0000,9.16
https://stats47.jp/ranking/doctor-annual-income,0,5,0.0000,27.60
https://stats47.jp/ranking/dog-registration-count,0,4,0.0000,9.50
https://stats47.jp/ranking/domestic-student-remittance-consumption-expenditure,0,4,0.0000,10.25
https://stats47.jp/ranking/dried-shiitake-consumption-quantity,0,2,0.0000,9.00
https://stats47.jp/ranking/dried-udon-soba-consumption-quantity,0,25,0.0000,12.56
https://stats47.jp/ranking/drinking-out-consumption-expenditure,0,17,0.0000,7.18
https://stats47.jp/ranking/education-expenditure-ratio-multi-person-households,0,15,0.0000,6.13
https://stats47.jp/ranking/eggplant-consumption-quantity,0,28,0.0000,7.29
https://stats47.jp/ranking/enoki-consumption-quantity,0,3,0.0000,6.33
https://stats47.jp/ranking/eyeglasses-consumption-expenditure,0,1,0.0000,2.00
https://stats47.jp/ranking/fabric-softener-consumption-expenditure,0,3,0.0000,7.67
https://stats47.jp/ranking/facility-equipment-consumption-expenditure,0,3,0.0000,2.33
https://stats47.jp/ranking/factory-establishment-count,0,5,0.0000,6.80
https://stats47.jp/ranking/fire-earthquake-insurance-consumption-expenditure,0,3,0.0000,11.33
https://stats47.jp/ranking/fish-pickled-consumption-expenditure,0,1,0.0000,12.00
https://stats47.jp/ranking/fish-tsukudani-type2-consumption-expenditure,0,1,0.0000,11.00
https://stats47.jp/ranking/flood-damage-total,0,17,0.0000,14.82
https://stats47.jp/ranking/flood-deaths,0,3,0.0000,9.33
https://stats47.jp/ranking/freelance-count,0,8,0.0000,29.25
https://stats47.jp/ranking/fresh-shiitake-consumption-expenditure,0,6,0.0000,8.00
https://stats47.jp/ranking/fresh-shiitake-consumption-quantity,0,8,0.0000,8.38
https://stats47.jp/ranking/frozen-food-consumption-expenditure,0,17,0.0000,8.00
https://stats47.jp/ranking/furniture-household-service-consumption-expenditure,0,4,0.0000,7.25
https://stats47.jp/ranking/garden-maintenance-consumption-expenditure,0,3,0.0000,8.33
https://stats47.jp/ranking/girls-school-uniform-consumption-expenditure,0,2,0.0000,3.50
https://stats47.jp/ranking/green-beans-consumption-quantity,0,1,0.0000,5.00
https://stats47.jp/ranking/green-pepper-consumption-expenditure,0,10,0.0000,6.70
https://stats47.jp/ranking/green-pepper-consumption-quantity,0,12,0.0000,6.67
https://stats47.jp/ranking/gross-prefectural-product-forestry-h27,0,1,0.0000,12.00
https://stats47.jp/ranking/gross-prefectural-product-manufacturing-h27,0,14,0.0000,10.21
https://stats47.jp/ranking/ground-meat-consumption-expenditure,0,3,0.0000,4.33
https://stats47.jp/ranking/haircut-consumption-expenditure,0,2,0.0000,8.00
https://stats47.jp/ranking/ham-consumption-quantity,0,3,0.0000,3.67
https://stats47.jp/ranking/happoshu-consumption-expenditure,0,3,0.0000,4.67
https://stats47.jp/ranking/hat-consumption-quantity,0,5,0.0000,6.60
https://stats47.jp/ranking/heater-consumption-expenditure,0,2,0.0000,10.50
https://stats47.jp/ranking/hobby-participation-rate-flower-arrangement,0,5,0.0000,1.60
https://stats47.jp/ranking/hobby-participation-rate-gardening,0,10,0.0000,6.50
https://stats47.jp/ranking/hobby-participation-rate-go,0,7,0.0000,8.14
https://stats47.jp/ranking/hobby-participation-rate-home-movie,0,2,0.0000,2.00
https://stats47.jp/ranking/hobby-participation-rate-knitting,0,2,0.0000,7.00
https://stats47.jp/ranking/hobby-participation-rate-photography,0,1,0.0000,3.00
https://stats47.jp/ranking/hobby-participation-rate-shogi,0,2,0.0000,10.50
https://stats47.jp/ranking/hobby-participation-rate-video-games,0,13,0.0000,6.15
https://stats47.jp/ranking/household-head-allowance-consumption-expenditure,0,3,0.0000,5.00
https://stats47.jp/ranking/housekeeping-service-consumption-expenditure,0,4,0.0000,8.00
https://stats47.jp/ranking/housing-expenditure-ratio-multi-person-households,0,6,0.0000,3.17
https://stats47.jp/ranking/industrial-exclusive-area-ratio,0,4,0.0000,3.25
https://stats47.jp/ranking/inpatient-rate-per-100k,0,63,0.0000,6.03
https://stats47.jp/ranking/insecticide-consumption-expenditure,0,1,0.0000,10.00
https://stats47.jp/ranking/instant-noodles-consumption-expenditure,0,7,0.0000,3.00
https://stats47.jp/ranking/instant-noodles-consumption-quantity,0,14,0.0000,8.86
https://stats47.jp/ranking/intellectual-crime-per-100k,0,2,0.0000,61.50
https://stats47.jp/ranking/internet-fee-consumption-expenditure,0,4,0.0000,7.50
https://stats47.jp/ranking/jam-consumption-expenditure,0,19,0.0000,8.53
https://stats47.jp/ranking/jam-consumption-quantity,0,7,0.0000,6.29
https://stats47.jp/ranking/japanese-food-dining-consumption-expenditure,0,2,0.0000,6.50
https://stats47.jp/ranking/jelly-consumption-expenditure,0,8,0.0000,5.25
https://stats47.jp/ranking/judo-therapist-rate,0,8,0.0000,34.50
https://stats47.jp/ranking/kerosene-consumption-quantity,0,26,0.0000,6.88
https://stats47.jp/ranking/ketchup-consumption-expenditure,0,20,0.0000,7.60
https://stats47.jp/ranking/kidney-failure-death-count,0,2,0.0000,5.50
https://stats47.jp/ranking/labor-administration-expenses-prefecture,0,1,0.0000,6.00
https://stats47.jp/ranking/laspeyres-index-prefecture,0,2,0.0000,10.50
https://stats47.jp/ranking/laundry-detergent-consumption-expenditure,0,18,0.0000,7.44
https://stats47.jp/ranking/laundry-service-consumption-expenditure,0,2,0.0000,2.50
https://stats47.jp/ranking/leek-consumption-expenditure,0,2,0.0000,6.50
https://stats47.jp/ranking/lettuce-consumption-quantity,0,10,0.0000,6.20
https://stats47.jp/ranking/light-bulbs-consumption-expenditure,0,4,0.0000,7.00
https://stats47.jp/ranking/local-assigned-tax-prefecture,0,2,0.0000,4.50
https://stats47.jp/ranking/lotus-root-consumption-quantity,0,13,0.0000,5.15
https://stats47.jp/ranking/mackerel-consumption-expenditure,0,10,0.0000,7.00
https://stats47.jp/ranking/male-parttime-workers-upto2019,0,1,0.0000,9.00
https://stats47.jp/ranking/manager-annual-income,0,4,0.0000,6.75
https://stats47.jp/ranking/mandarin-consumption-expenditure,0,10,0.0000,9.50
https://stats47.jp/ranking/margarine-consumption-expenditure,0,5,0.0000,6.20
https://stats47.jp/ranking/mens-jacket-consumption-expenditure,0,1,0.0000,7.00
https://stats47.jp/ranking/mens-shoes-consumption-quantity,0,3,0.0000,9.33
https://stats47.jp/ranking/mens-socks-consumption-expenditure,0,1,0.0000,9.00
https://stats47.jp/ranking/microwave-consumption-expenditure,0,1,0.0000,10.00
https://stats47.jp/ranking/milk-drink-consumption-expenditure,0,2,0.0000,5.00
https://stats47.jp/ranking/miso-consumption-expenditure,0,16,0.0000,10.94
https://stats47.jp/ranking/mobile-phone-bill-consumption-expenditure,0,2,0.0000,9.00
https://stats47.jp/ranking/mobile-phone-consumption-expenditure,0,1,0.0000,4.00
https://stats47.jp/ranking/mochi-consumption-expenditure,0,16,0.0000,9.00
https://stats47.jp/ranking/music-lesson-consumption-expenditure,0,1,0.0000,3.00
https://stats47.jp/ranking/national-health-insurance-medical-expense-per-person,0,3,0.0000,10.67
https://stats47.jp/ranking/nature-park-area,0,6,0.0000,5.50
https://stats47.jp/ranking/necktie-consumption-quantity,0,1,0.0000,11.00
https://stats47.jp/ranking/neighborhood-park-count,0,4,0.0000,10.50
https://stats47.jp/ranking/newspaper-consumption-expenditure,0,1,0.0000,7.00
https://stats47.jp/ranking/noise-regulation-rate,0,1,0.0000,7.00
https://stats47.jp/ranking/nuclear-power-plant-count,0,13,0.0000,39.46
https://stats47.jp/ranking/number-of-hotel-rooms,0,19,0.0000,6.68
https://stats47.jp/ranking/nurses-per-100k-population,0,6,0.0000,9.00
https://stats47.jp/ranking/nursing-home-capacity-per-1000-65plus,0,1,0.0000,9.00
https://stats47.jp/ranking/octopus-consumption-quantity,0,16,0.0000,8.44
https://stats47.jp/ranking/onion-consumption-expenditure,0,7,0.0000,8.43
https://stats47.jp/ranking/onion-consumption-quantity,0,18,0.0000,8.00
https://stats47.jp/ranking/orange-consumption-expenditure,0,1,0.0000,7.00
https://stats47.jp/ranking/other-admission-game-consumption-expenditure,0,3,0.0000,8.33
https://stats47.jp/ranking/other-allowance-consumption-expenditure,0,21,0.0000,9.00
https://stats47.jp/ranking/other-beauty-products-consumption-expenditure,0,4,0.0000,5.25
https://stats47.jp/ranking/other-beauty-service-consumption-expenditure,0,3,0.0000,7.33
https://stats47.jp/ranking/other-bread-consumption-quantity,0,18,0.0000,10.22
https://stats47.jp/ranking/other-car-service-consumption-expenditure,0,2,0.0000,7.50
https://stats47.jp/ranking/other-consumption-expenditure-ratio-multi-person-households,0,1,0.0000,7.00
https://stats47.jp/ranking/other-dried-vegetables-seaweed-consumption-expenditure,0,8,0.0000,8.75
https://stats47.jp/ranking/other-footwear-consumption-expenditure,0,2,0.0000,3.50
https://stats47.jp/ranking/other-lesson-fees-consumption-expenditure,0,2,0.0000,31.00
https://stats47.jp/ranking/other-meat-consumption-quantity,0,12,0.0000,15.08
https://stats47.jp/ranking/other-noodle-dining-consumption-expenditure,0,1,0.0000,7.00
https://stats47.jp/ranking/other-noodles-consumption-expenditure,0,1,0.0000,9.00
https://stats47.jp/ranking/other-noodles-consumption-quantity,0,2,0.0000,8.50
https://stats47.jp/ranking/other-personal-items-consumption-expenditure,0,2,0.0000,10.50
https://stats47.jp/ranking/other-publications-consumption-expenditure,0,3,0.0000,3.67
https://stats47.jp/ranking/other-remittance-consumption-expenditure,0,3,0.0000,11.33
https://stats47.jp/ranking/other-rent-land-consumption-expenditure,0,2,0.0000,5.00
https://stats47.jp/ranking/other-root-vegetables-consumption-expenditure,0,1,0.0000,9.00
https://stats47.jp/ranking/other-sports-facility-consumption-expenditure,0,1,0.0000,5.00
https://stats47.jp/ranking/other-staple-prepared-consumption-expenditure,0,16,0.0000,4.94
https://stats47.jp/ranking/other-sweets-consumption-expenditure,0,3,0.0000,22.33
https://stats47.jp/ranking/other-tableware-consumption-expenditure,0,1,0.0000,3.00
https://stats47.jp/ranking/other-toys-consumption-expenditure,0,1,0.0000,11.00
https://stats47.jp/ranking/other-vegetable-pickles-consumption-expenditure,0,10,0.0000,8.50
https://stats47.jp/ranking/other-vegetables-consumption-expenditure,0,8,0.0000,21.25
https://stats47.jp/ranking/other-womens-shirt-consumption-quantity,0,1,0.0000,8.00
https://stats47.jp/ranking/outpatient-rate-per-1000,0,5,0.0000,7.80
https://stats47.jp/ranking/outpatient-rate-per-100k,0,49,0.0000,9.10
https://stats47.jp/ranking/overseas-travel-annual-participation-rate-15plus,0,5,0.0000,10.00
https://stats47.jp/ranking/oyster-consumption-expenditure,0,3,0.0000,8.67
https://stats47.jp/ranking/paid-nursing-home-capacity-per-1000-65plus,0,1,0.0000,12.00
https://stats47.jp/ranking/paper-diapers-consumption-expenditure,0,1,0.0000,4.00
https://stats47.jp/ranking/paved-road-municipal-length,0,14,0.0000,8.86
https://stats47.jp/ranking/paved-road-total-length,0,7,0.0000,9.57
https://stats47.jp/ranking/peach-consumption-quantity,0,13,0.0000,7.77
https://stats47.jp/ranking/pear-consumption-expenditure,0,3,0.0000,7.67
https://stats47.jp/ranking/pear-consumption-quantity,0,7,0.0000,13.43
https://stats47.jp/ranking/per-capita-firefighting-expenditure-tokyo-municipal,0,1,0.0000,11.00
https://stats47.jp/ranking/per-capita-kenmin-shotoku-h17,0,14,0.0000,18.71
https://stats47.jp/ranking/perm-consumption-quantity,0,2,0.0000,9.00
https://stats47.jp/ranking/personal-computer-consumption-expenditure,0,1,0.0000,9.00
https://stats47.jp/ranking/pet-supplies-consumption-expenditure,0,2,0.0000,9.00
https://stats47.jp/ranking/pharmaceutical-sales-count,0,8,0.0000,10.88
https://stats47.jp/ranking/pneumonia-death-rate,0,8,0.0000,9.38
https://stats47.jp/ranking/post-office-count,0,14,0.0000,10.21
https://stats47.jp/ranking/potato-consumption-expenditure,0,23,0.0000,8.57
https://stats47.jp/ranking/pots-kettles-consumption-expenditure,0,37,0.0000,6.76
https://stats47.jp/ranking/private-rent-consumption-quantity,0,2,0.0000,3.00
https://stats47.jp/ranking/public-rent-consumption-quantity,0,2,0.0000,3.00
https://stats47.jp/ranking/public-university-consumption-expenditure,0,2,0.0000,4.00
https://stats47.jp/ranking/pudding-consumption-expenditure,0,20,0.0000,6.80
https://stats47.jp/ranking/quasi-national-park-area,0,3,0.0000,18.00
https://stats47.jp/ranking/refrigerator-consumption-quantity,0,1,0.0000,27.00
https://stats47.jp/ranking/religious-expense-consumption-expenditure,0,3,0.0000,1.67
https://stats47.jp/ranking/rental-car-consumption-expenditure,0,2,0.0000,9.50
https://stats47.jp/ranking/repair-materials-consumption-expenditure,0,1,0.0000,11.00
https://stats47.jp/ranking/retirement-allowance-admin-prefecture,0,3,0.0000,4.67
https://stats47.jp/ranking/rice-cracker-consumption-expenditure,0,7,0.0000,9.86
https://stats47.jp/ranking/rice-harvest-volume,0,7,0.0000,6.14
https://stats47.jp/ranking/rice-yield-per-10a,0,9,0.0000,6.22
https://stats47.jp/ranking/salted-salmon-consumption-expenditure,0,5,0.0000,9.40
https://stats47.jp/ranking/salted-salmon-consumption-quantity,0,15,0.0000,9.60
https://stats47.jp/ranking/sanitation-expenditure-ratio-pref-finance,0,1,0.0000,10.00
https://stats47.jp/ranking/sanitation-expenses-prefecture,0,2,0.0000,6.50
https://stats47.jp/ranking/sardine-consumption-expenditure,0,5,0.0000,10.20
https://stats47.jp/ranking/school-bag-consumption-expenditure,0,4,0.0000,2.50
https://stats47.jp/ranking/sea-bream-consumption-expenditure,0,5,0.0000,11.20
https://stats47.jp/ranking/secondary-industry-employees-per-establishment,0,1,0.0000,11.00
https://stats47.jp/ranking/secondary-industry-employees-per-establishment-census,0,1,0.0000,11.00
https://stats47.jp/ranking/shared-burden-fees-prefecture,0,3,0.0000,1.00
https://stats47.jp/ranking/shipment-value-manufacturing-7,0,2,0.0000,10.00
https://stats47.jp/ranking/shrimp-consumption-expenditure,0,1,0.0000,7.00
https://stats47.jp/ranking/shrimp-consumption-quantity,0,7,0.0000,4.71
https://stats47.jp/ranking/side-job-rate,0,6,0.0000,9.50
https://stats47.jp/ranking/skin-lotion-consumption-expenditure,0,14,0.0000,10.57
https://stats47.jp/ranking/snack-consumption-expenditure,0,1,0.0000,7.00
https://stats47.jp/ranking/solar-panel-housing-rate,0,12,0.0000,8.42
https://stats47.jp/ranking/soy-sauce-consumption-quantity,0,23,0.0000,7.13
https://stats47.jp/ranking/sports-drink-consumption-expenditure,0,1,0.0000,7.00
https://stats47.jp/ranking/sports-park-count,0,8,0.0000,4.63
https://stats47.jp/ranking/sports-participation-rate-bowling,0,2,0.0000,9.50
https://stats47.jp/ranking/sportswear-consumption-expenditure,0,3,0.0000,2.00
https://stats47.jp/ranking/squid-consumption-quantity,0,31,0.0000,7.26
https://stats47.jp/ranking/ssdse-f-max-temp-avg,0,4,0.0000,10.75
https://stats47.jp/ranking/standard-price-change-rate-commercial,0,9,0.0000,3.67
https://stats47.jp/ranking/starting-salary-highschool,0,123,0.0000,12.61
https://stats47.jp/ranking/study-participation-rate-home-economics,0,1,0.0000,6.00
https://stats47.jp/ranking/sweet-potato-consumption-quantity,0,8,0.0000,8.50
https://stats47.jp/ranking/taxi-fare-consumption-expenditure,0,4,0.0000,6.75
https://stats47.jp/ranking/tennis-court-public,0,38,0.0000,6.66
https://stats47.jp/ranking/textbooks-consumption-expenditure,0,2,0.0000,4.00
https://stats47.jp/ranking/tomato-consumption-expenditure,0,12,0.0000,7.25
https://stats47.jp/ranking/toothbrush-consumption-expenditure,0,7,0.0000,8.43
https://stats47.jp/ranking/toothpaste-consumption-expenditure,0,7,0.0000,6.14
https://stats47.jp/ranking/total-fertility-rate,0,35,0.0000,25.86
https://stats47.jp/ranking/total-overnight-guests-foreign,0,20,0.0000,8.00
https://stats47.jp/ranking/travel-participation-rate-overseas,0,2,0.0000,4.50
https://stats47.jp/ranking/treatment-rate-diabetes-outpatient,0,16,0.0000,8.06
https://stats47.jp/ranking/treatment-rate-musculoskeletal-outpatient,0,7,0.0000,6.14
https://stats47.jp/ranking/treatment-rate-osteoporosis-outpatient,0,6,0.0000,8.17
https://stats47.jp/ranking/university-graduates-job-ratio,0,14,0.0000,5.21
https://stats47.jp/ranking/unmarried-ratio-male-45-49,0,15,0.0000,3.13
https://stats47.jp/ranking/vinegar-consumption-quantity,0,15,0.0000,7.00
https://stats47.jp/ranking/voter-turnout-council-proportional,0,1,0.0000,13.00
https://stats47.jp/ranking/voter-turnout-house-proportional,0,8,0.0000,46.13
https://stats47.jp/ranking/voter-turnout-house-single,0,4,0.0000,55.50
https://stats47.jp/ranking/wakame-consumption-expenditure,0,6,0.0000,11.83
https://stats47.jp/ranking/water-supply-capacity,0,1,0.0000,4.00
https://stats47.jp/ranking/watermelon-consumption-expenditure,0,3,0.0000,4.00
https://stats47.jp/ranking/whisky-consumption-expenditure,0,9,0.0000,9.00
https://stats47.jp/ranking/whisky-consumption-quantity,0,21,0.0000,8.57
https://stats47.jp/ranking/whitebait-consumption-expenditure,0,4,0.0000,3.50
https://stats47.jp/ranking/wind-power-turbine-count,0,32,0.0000,8.19
https://stats47.jp/ranking/wine-consumption-quantity,0,21,0.0000,8.48
https://stats47.jp/ranking/womens-coat-consumption-expenditure,0,1,0.0000,4.00
https://stats47.jp/ranking/womens-dress-consumption-expenditure,0,5,0.0000,7.80
https://stats47.jp/ranking/womens-pants-consumption-quantity,0,1,0.0000,8.00
https://stats47.jp/ranking/womens-shoes-consumption-expenditure,0,10,0.0000,8.00
https://stats47.jp/ranking/womens-socks-consumption-quantity,0,2,0.0000,10.00
https://stats47.jp/ranking/womens-stockings-consumption-expenditure,0,1,0.0000,8.00
https://stats47.jp/ranking/womens-stockings-consumption-quantity,0,9,0.0000,4.33
https://stats47.jp/ranking/writing-drawing-tools-consumption-expenditure,0,1,0.0000,1.00
https://stats47.jp/ranking/yakiniku-consumption-expenditure,0,17,0.0000,8.94
https://stats47.jp/ranking/yellowtail-consumption-expenditure,0,9,0.0000,3.33
https://stats47.jp/ranking/yogurt-consumption-expenditure,0,38,0.0000,8.16
https://stats47.jp/ranking/yokan-consumption-expenditure,0,2,0.0000,7.50
https://stats47.jp/safetyenvironment/fire-emergency/dashboard/42000,0,1,0.0000,19.00
https://stats47.jp/safetyenvironment/fire-emergency/ranking/fire-damage-death-count,0,2,0.0000,7.00
https://stats47.jp/safetyenvironment/fire-emergency/ranking/fire-division-count?year=2023,0,3,0.0000,5.33
https://stats47.jp/safetyenvironment/fire-emergency/ranking/firefighting-expenditure-ratio-pref-municipal,0,1,0.0000,12.00
https://stats47.jp/safetyenvironment/fire-insurance/dashboard/16000,0,1,0.0000,4.00
https://stats47.jp/safetyenvironment/fire-insurance/ranking/auto-insurance-penetration-personal-injury-actual?year=2022,0,1,0.0000,9.00
https://stats47.jp/safetyenvironment/police-crime/dashboard/00000,0,2,0.0000,2.00
https://stats47.jp/safetyenvironment/police-crime/ranking/juvenile-theft-criminal-arrest-person-per-population,0,2,0.0000,8.00
https://stats47.jp/safetyenvironment/traffic-accidents/dashboard/31000,0,3,0.0000,9.33
https://stats47.jp/socialsecurity/death-statistics/dashboard/28000,0,1,0.0000,10.00
https://stats47.jp/socialsecurity/health-care/dashboard/43000,0,2,0.0000,10.00
https://stats47.jp/socialsecurity/life-expectancy/dashboard/18000,0,1,0.0000,6.00
https://stats47.jp/socialsecurity/medical-expenses/dashboard/33000,0,1,0.0000,10.00
https://stats47.jp/socialsecurity/medical-facilities/ranking/avg-daily-outpatients-general-hospital-per-100k,0,1,0.0000,3.00
https://stats47.jp/socialsecurity/medical-personnel/dashboard/12000,0,1,0.0000,11.00
https://stats47.jp/socialsecurity/medical-personnel/dashboard/22000,0,1,0.0000,4.00
https://stats47.jp/socialsecurity/medical-personnel/dashboard/31000,0,2,0.0000,11.00
https://stats47.jp/socialsecurity/pharmacies/dashboard/09000,0,1,0.0000,8.00
https://stats47.jp/socialsecurity/pharmacies/ranking/pharmacy-count-per-100k,0,11,0.0000,9.91
https://stats47.jp/socialsecurity/social-security-indicators/dashboard/11000,0,1,0.0000,8.00
https://stats47.jp/socialsecurity/social-security-indicators/dashboard/28000,0,1,0.0000,8.00
https://stats47.jp/survey/crop-statistics,0,3,0.0000,21.00
https://stats47.jp/survey/employment-structure-survey,0,9,0.0000,9.44
https://stats47.jp/survey/health-admin-report,0,9,0.0000,9.67
https://stats47.jp/survey/patient-survey,0,10,0.0000,14.50
https://stats47.jp/survey/police-statistics,0,9,0.0000,30.33
https://stats47.jp/survey/population-estimates,0,3,0.0000,7.33
https://stats47.jp/survey/school-basic-survey,0,22,0.0000,11.59
https://stats47.jp/survey/traffic-accident-statistics,0,2,0.0000,55.50
https://stats47.jp/survey/workplace-accident-survey,0,2,0.0000,27.50
https://stats47.jp/tag/agriculture,0,1,0.0000,20.00
https://stats47.jp/tag/car-dependent-society,0,2,0.0000,23.00
https://stats47.jp/tag/chemical-industry,0,3,0.0000,11.00
https://stats47.jp/tag/consumption,0,2,0.0000,12.50
https://stats47.jp/tag/consumption-expenditure,0,2,0.0000,10.00
https://stats47.jp/tag/daytime-nighttime-population,0,1,0.0000,42.00
https://stats47.jp/tag/depopulated-areas,0,1,0.0000,43.00
https://stats47.jp/tag/education,0,6,0.0000,22.83
https://stats47.jp/tag/extreme-heat-days,0,1,0.0000,51.00
https://stats47.jp/tag/fiscal-capacity-index,0,6,0.0000,4.83
https://stats47.jp/tag/fiscal-soundness,0,1,0.0000,4.00
https://stats47.jp/tag/habitable-land-area,0,14,0.0000,13.43
https://stats47.jp/tag/height,0,5,0.0000,9.20
https://stats47.jp/tag/income-inequality,0,1,0.0000,5.00
https://stats47.jp/tag/industrial-statistics,0,20,0.0000,13.05
https://stats47.jp/tag/land-prices,0,10,0.0000,1.70
https://stats47.jp/tag/local-government-bonds,0,10,0.0000,9.60
https://stats47.jp/tag/mid-winter-days,0,5,0.0000,15.20
https://stats47.jp/tag/middle-school-students,0,4,0.0000,38.25
https://stats47.jp/tag/mobile-phones,0,3,0.0000,9.33
https://stats47.jp/tag/occupancy-rate,0,1,0.0000,1.00
https://stats47.jp/tag/per-capita,0,2,0.0000,1.00
https://stats47.jp/tag/polarization,0,1,0.0000,1.00
https://stats47.jp/tag/population,0,1,0.0000,24.00
https://stats47.jp/tag/population-density,0,2,0.0000,4.00
https://stats47.jp/tag/regional-economy,0,3,0.0000,5.33
https://stats47.jp/tag/relocation,0,1,0.0000,9.00
https://stats47.jp/tag/revenue-composition,0,2,0.0000,1.50
https://stats47.jp/tag/road-density,0,1,0.0000,16.00
https://stats47.jp/tag/school-refusal,0,7,0.0000,36.71
https://stats47.jp/tag/sewerage-coverage-rate,0,1,0.0000,43.00
https://stats47.jp/tag/snowfall,0,1,0.0000,49.00
https://stats47.jp/tag/sports,0,3,0.0000,1.33
https://stats47.jp/tag/supply-chain,0,7,0.0000,6.43
https://stats47.jp/tag/tax-revenue,0,2,0.0000,2.00
https://stats47.jp/tag/total-fertility-rate,0,1,0.0000,4.00
https://stats47.jp/tag/travel,0,2,0.0000,2.50
https://stats47.jp/tag/tv-viewing,0,3,0.0000,11.00
https://stats47.jp/tag/universities,0,1,0.0000,2.00
https://stats47.jp/tag/volunteering,0,3,0.0000,38.67
https://stats47.jp/tag/worker-households,0,1,0.0000,1.00
https://stats47.jp/terms,0,3,0.0000,4.67
https://stats47.jp/themes,0,2,0.0000,11.00
https://stats47.jp/tourism/tourism-accommodation/dashboard/08000,0,6,0.0000,8.33
https://stats47.jp/tourism/tourism-accommodation/dashboard/13000,0,4,0.0000,5.50
https://stats47.jp/tourism/tourism-accommodation/dashboard/20000,0,10,0.0000,9.00
https://stats47.jp/tourism/tourism-accommodation/dashboard/28000,0,1,0.0000,10.00
