stats_data_id,cat01,item_name,item_code,unit,dividing_value,new_unit,ascending
0000010204,#D0110101,財政力指数（都道府県財政）,financial-power-index,‐,,,False
0000010204,#D01102,実質収支比率（都道府県財政）,real-balance-ratio,％,,,False
0000010204,#D0120101,自主財源の割合（都道府県財政）,self-financing-ratio,％,,,False
0000010204,#D0130201,地方債現在高の割合（都道府県財政）,local-debt-current-ratio,％,,,False
0000010204,#D01401,経常収支比率（都道府県財政）,current-balance-ratio,％,,,False
0000010204,#D0140201,投資的経費の割合（都道府県財政）,investment-expenditure-ratio-pref-finance,％,,,False
0000010204,#D0140301,一般財源の割合（都道府県財政）,general-revenue-ratio-pref-finance,％,,,False
0000010204,#D0210101,地方税割合（都道府県財政）,local-tax-ratio-pref-finance,％,,,False
0000010204,#D0210201,地方交付税割合（都道府県財政）,local-allocation-tax-ratio-pref-finance,％,,,False
0000010204,#D0210301,国庫支出金割合（都道府県財政）,national-treasury-disbursement-ratio-pref-finance,％,,,False
0000010204,#D0220103,人口1人当たり住民税（都道府県・市町村財政合計）,per-capita-inhabitant-tax-pref-municipal,千円,,,False
0000010204,#D02202,人口1人当たり固定資産税（都道府県・市町村財政合計）,per-capita-fixed-asset-tax-pref-municipal,千円,,,False
0000010204,#D02204,国税徴収決定済額（人口1人当たり）,per-capita-national-tax-collected,千円,,,False
0000010204,#D02206,課税対象所得（納税義務者1人当たり）,per-taxpayer-taxable-income,千円,,,False
0000010204,#D02207,納税義務者割合（都道府県民1人当たり）,taxpayer-ratio-per-pref-resident,％,,,False
0000010204,#D0310301,民生費割合（都道府県財政）,welfare-expenditure-ratio-pref-finance,％,,,False
0000010204,#D0310401,社会福祉費割合（都道府県財政）,social-welfare-expenditure-ratio-pref-finance,％,,,False
0000010204,#D0310501,老人福祉費割合（都道府県財政）,elderly-welfare-expenditure-ratio-pref-finance,％,,,False
0000010204,#D0310601,児童福祉費割合（都道府県財政）,child-welfare-expenditure-ratio-pref-finance,％,,,False
0000010204,#D0310701,生活保護費割合（都道府県財政）,public-assistance-expenditure-ratio-pref-finance,％,,,False
0000010204,#D0310801,衛生費割合（都道府県財政）,sanitation-expenditure-ratio-pref-finance,％,,,False
0000010204,#D0310901,労働費割合（都道府県財政）,labor-expenditure-ratio-pref-finance,％,,,False
0000010204,#D0311001,農林水産業費割合（都道府県財政）,agriculture-forestry-fisheries-expenditure-ratio-pref-finance,％,,,False
0000010204,#D0311101,商工費割合（都道府県財政）,commerce-industry-expenditure-ratio-pref-finance,％,,,False
0000010204,#D0311201,土木費割合（都道府県財政）,public-works-expenditure-ratio-pref-finance,％,,,False
0000010204,#D03113,警察費割合（都道府県財政）,police-expenditure-ratio-pref-finance,％,,,False
0000010204,#D03114,消防費割合（都・市町村財政合計）,firefighting-expenditure-ratio-pref-municipal,％,,,False
0000010204,#D0311501,教育費割合（都道府県財政）,education-expenditure-ratio-pref-finance,％,,,False
0000010204,#D0312301,災害復旧費割合（都道府県財政）,disaster-recovery-expenditure-ratio-pref-finance,％,,,False
0000010204,#D0320101,人件費割合（都道府県財政）,personnel-expenditure-ratio-pref-finance,％,,,False
0000010204,#D0320201,扶助費割合（都道府県財政）,assistance-expenditure-ratio-pref-finance,％,,,False
0000010204,#D0320301,普通建設事業費割合（都道府県財政）,ordinary-construction-expenditure-ratio-pref-finance,％,,,False
0000010204,#D0330103,人口1人当たり歳出決算総額（都道府県・市町村財政合計）,per-capita-total-expenditure-pref-municipal,千円,,,False
0000010204,#D0330203,人口1人当たり民生費（都道府県・市町村財政合計）,per-capita-welfare-expenditure-pref-municipal,千円,,,False
0000010204,#D0330303,人口1人当たり社会福祉費（都道府県・市町村財政合計）,per-capita-social-welfare-expenditure-pref-municipal,千円,,,False
0000010204,#D0330403,65歳以上人口1人当たり老人福祉費（都道府県・市町村財政合計）,per-capita-elderly-welfare-expenditure-65plus-pref-municipal,千円,,,False
0000010204,#D0330503,17歳以下人口1人当たり児童福祉費（都道府県・市町村財政合計）,per-capita-child-welfare-expenditure-under17-pref-municipal,千円,,,False
0000010204,#D0330603,被保護実人員1人当たり生活保護費（都道府県・市町村財政合計）,per-capita-public-assistance-expenditure-protected-pref-municipal,千円,,,False
0000010204,#D0330703,人口1人当たり衛生費（都道府県・市町村財政合計）,per-capita-sanitation-expenditure-pref-municipal,千円,,,False
0000010204,#D0331103,人口1人当たり土木費（都道府県・市町村財政合計）,per-capita-public-works-expenditure-pref-municipal,千円,,,False
0000010204,#D03312,人口1人当たり警察費（都道府県財政）,per-capita-police-expenditure-pref-municipal,千円,,,False
0000010204,#D03313,人口1人当たり消防費（東京都・市町村財政合計）,per-capita-firefighting-expenditure-tokyo-municipal,千円,,,False
0000010204,#D0331403,人口1人当たり教育費（都道府県・市町村財政合計）,per-capita-education-expenditure-pref-municipal,千円,,,False
0000010204,#D0331503,児童1人当たり公立小学校費（都道府県・市町村財政合計）,per-child-public-elementary-school-expenditure-pref-municipal,千円,,,False
0000010204,#D0331603,生徒1人当たり公立中学校費（都道府県・市町村財政合計）,per-student-public-junior-high-school-expenditure-pref-municipal,千円,,,False
0000010204,#D0331703,生徒1人当たり公立高等学校費（都道府県・市町村財政合計）,per-student-public-high-school-expenditure-pref-municipal,千円,,,False
0000010204,#D0331804,児童・生徒1人当たり特別支援学校費（都道府県・市町村財政合計）,per-child-student-special-support-school-expenditure-pref-municipal,千円,,,False
0000010204,#D0331903,児童1人当たり幼稚園費（都道府県・市町村財政合計）,per-child-kindergarten-expenditure-pref-municipal,千円,,,False
0000010204,#D0332003,人口1人当たり社会教育費（都道府県・市町村財政合計）,per-capita-social-education-expenditure-pref-municipal,千円,,,False
0000010204,#D0332103,人口1人当たり災害復旧費（都道府県・市町村財政合計）,per-capita-disaster-recovery-expenditure-pref-municipal,千円,,,False
0000010210,#J01101,生活保護被保護実世帯数（月平均一般世帯千世帯当たり）,households-on-public-assistance-per-1000,世帯,,,False
0000010210,#J01107,生活保護被保護実人員（月平均人口千人当たり）,persons-on-public-assistance-per-1000,人,,,False
0000010210,#J0110803,生活保護教育扶助人員（月平均人口千人当たり）,public-assistance-education-beneficiaries-per-1000,人,,,False
0000010210,#J0110804,生活保護医療扶助人員（月平均人口千人当たり）,public-assistance-medical-beneficiaries-per-1000,人,,,False
0000010210,#J0110805,生活保護住宅扶助人員（月平均人口千人当たり）,public-assistance-housing-beneficiaries-per-1000,人,,,False
0000010210,#J0110806,生活保護介護扶助人員（月平均人口千人当たり）,public-assistance-nursing-beneficiaries-per-1000,人,,,False
0000010210,#J0110902,生活保護被保護高齢者数（月平均65歳以上人口千人当たり）,elderly-on-public-assistance-per-1000-65plus,人,,,False
0000010210,#J01200,身体障害者手帳交付数（人口千人当たり）,physical-disability-certificates-issued-per-1000,人,,,False
0000010210,#J02101,保護施設数（生活保護被保護実人員10万人当たり）,welfare-facilities-count-per-100k-on-assistance,所,,,False
0000010210,#J022011,老人ホーム数（65歳以上人口10万人当たり）,nursing-home-count-per-100k-65plus,所,,,False
0000010210,#J02202,老人福祉センター数（65歳以上人口10万人当たり）,senior-welfare-center-count-per-100k-65plus,所,,,False
0000010210,#J02203,老人憩の家数（65歳以上人口10万人当たり）,senior-recreation-home-count-per-100k-65plus,所,,,False
0000010210,#J02204,有料老人ホーム数（65歳以上人口10万人当たり）,paid-nursing-home-count-per-100k-65plus,所,,,False
0000010210,#J02205,介護老人福祉施設数（65歳以上人口10万人当たり）,nursing-welfare-facility-count-per-100k-65plus,所,,,False
0000010210,#J02301,身体障害者更生援護施設数（人口100万人当たり）,physical-disability-rehabilitation-facility-count-per-1m,所,,,False
0000010210,#J02401,知的障害者援護施設数（人口100万人当たり）,intellectual-disability-support-facility-count-per-1m,所,,,False
0000010210,#J02501,児童福祉施設等数（人口10万人当たり）,child-welfare-facility-count-per-100k,所,,,False
0000010210,#J03101,保護施設従事者数（生活保護被保護実人員千人当たり）,welfare-facility-staff-per-1000-on-assistance,人,,,False
0000010210,#J032011,老人ホーム従事者数（65歳以上人口10万人当たり）,nursing-home-staff-per-100k-65plus,人,,,False
0000010210,#J03202,老人福祉センター従事者数（65歳以上人口10万人当たり）,senior-welfare-center-staff-per-100k-65plus,人,,,False
0000010210,#J03203,老人憩の家従事者数（65歳以上人口10万人当たり）,senior-recreation-home-staff-per-100k-65plus,人,,,False
0000010210,#J03301,身体障害者更生援護施設従事者数（人口10万人当たり）,physical-disability-rehabilitation-facility-staff-per-100k,人,,,False
0000010210,#J03401,知的障害者援護施設従事者数（人口10万人当たり）,intellectual-disability-support-facility-staff-per-100k,人,,,False
0000010210,#J03501,児童福祉施設等従事者数（人口10万人当たり）,child-welfare-facility-staff-per-100k,人,,,False
0000010210,#J04101,生活保護施設定員数（被保護実人員千人当たり）,public-assistance-facility-capacity-per-1000,人,,,False
0000010210,#J04102,生活保護施設在所者数（被保護実人員千人当たり）,public-assistance-facility-residents-per-1000,人,,,False
0000010210,#J042011,老人ホーム定員数（65歳以上人口千人当たり）,nursing-home-capacity-per-1000-65plus,人,,,False
0000010210,#J042021,老人ホーム在所者数（65歳以上人口千人当たり）,nursing-home-residents-per-1000-65plus,人,,,False
0000010210,#J04203,有料老人ホーム定員数（65歳以上人口千人当たり）,paid-nursing-home-capacity-per-1000-65plus,人,,,False
0000010210,#J04204,有料老人ホーム在所者数（65歳以上人口千人当たり）,paid-nursing-home-residents-per-1000-65plus,人,,,False
0000010210,#J04301,身体障害者更生援護施設定員数（人口10万人当たり）,physical-disability-rehabilitation-facility-capacity-per-100k,人,,,False
0000010210,#J04302,身体障害者更生援護施設在所者数（人口10万人当たり）,physical-disability-rehabilitation-facility-residents-per-100k,人,,,False
0000010210,#J04401,知的障害者援護施設定員数（人口10万人当たり）,intellectual-disability-support-facility-capacity-per-100k,人,,,False
0000010210,#J04402,知的障害者援護施設在所者数（人口10万人当たり）,intellectual-disability-support-facility-residents-per-100k,人,,,False
0000010210,#J05101,民生委員（児童委員）数（人口10万人当たり）,welfare-commissioner-count-per-100k,人,,,False
0000010210,#J05108,訪問介護員（ホームヘルパー）数（人口10万人当たり）,home-helper-count-per-100k,人,,,False
0000010210,#J05109,訪問介護利用者数（訪問介護1事業所当たり）,home-helper-users-per-office,人,,,False
0000010210,#J05201,民生委員（児童委員）1人当たり相談・支援件数,welfare-commissioner-consultations-per-person,件,,,False
0000010210,#J05202,福祉事務所生活保護申請件数（被保護世帯千世帯当たり）,welfare-office-public-assistance-applications-per-1000-households,件,,,False
0000010210,#J05203,身体障害者更生援護取扱実人員（人口千人当たり）,physical-disability-rehabilitation-cases-per-1000,人,,,False
0000010210,#J05204,福祉事務所知的障害者相談実人員（人口10万人当たり）,welfare-office-intellectual-disability-consultations-per-100k,人,,,False
0000010210,#J05206,身体障害者更生相談所取扱実人員（人口千人当たり）,physical-disability-rehabilitation-center-cases-per-1000,人,,,False
0000010210,#J05207,知的障害者更生相談所取扱実人員（人口10万人当たり）,intellectual-disability-rehabilitation-center-cases-per-100k,人,,,False
0000010210,#J05208,後期高齢者医療費（被保険者1人当たり）,late-elderly-medical-expense-per-insured,円,,,False
0000010210,#J05209,市町村における知的障害者相談実人員（人口10万人当たり）,municipal-intellectual-disability-consultations-per-100k,人,,,False
0000010210,#J05210,児童相談所受付件数（人口千人当たり）,child-consultation-center-cases-per-1000,件,,,False
0000010210,#J0610101,国民年金被保険者数（第1号）（20～59歳人口千人当たり）,national-pension-enrollees-type1-per-1000-20-59,人,,,False
0000010210,#J0610102,国民年金被保険者数（第3号）（20～59歳人口千人当たり）,national-pension-enrollees-type3-per-1000-20-59,人,,,False
0000010211,#K01102,消防署数（可住地面積100km2当たり）,fire-department-count-per-100-km2,署,,,False
0000010211,#K01104,消防団・分団数（可住地面積100km2当たり）,fire-department-branch-count-per-100-km2,団,,,False
0000010211,#K01105,消防ポンプ自動車等現有数（人口10万人当たり）,fire-department-pump-car-count-per-100-thousand-people,台,,,False
0000010211,#K01107,消防水利数（人口10万人当たり）,fire-department-water-count-per-100-thousand-people,所,,,False
0000010211,#K01301,消防関係人員数（人口10万人当たり）,fire-related-personnel-count-per-100k,人,,,False
0000010211,#K01302,消防吏員数（人口10万人当たり）,fire-department-member-count-per-100-thousand-people,人,,,False
0000010211,#K01401,消防機関出動回数（人口10万人当たり）,fire-department-dispatch-count-per-100-thousand-people,回,,,False
0000010211,#K01402,火災のための消防機関出動回数（人口10万人当たり）,fire-dispatch-for-building-fire-count-per-100k,回,,,False
0000010211,#K02101,火災出火件数（人口10万人当たり）,building-fire-count-per-100-thousand-people,件,,,False
0000010211,#K02103,建物火災出火件数（人口10万人当たり）,building-fire-count-per-100k,件,,,False
0000010211,#K02203,火災死傷者数（人口10万人当たり）,fire-damage-casualties-per-population,人,,,False
0000010211,#K02205,建物火災損害額（人口1人当たり）,building-fire-damage-amount-per-person,円,,,False
0000010211,#K02301,火災り災世帯数（建物火災100件当たり）,fire-damage-household-count-per-100-building-fires,世帯,,,False
0000010211,#K02303,火災死傷者数（建物火災100件当たり）,fire-damage-casualties-per-accident,人,,,False
0000010211,#K02306,建物火災損害額（建物火災1件当たり）,building-fire-damage-amount-per-building-fire,万円,,,False
0000010211,#K03102,立体横断施設数（道路実延長千km当たり）,grade-separated-pedestrian-crossings-per-1000-km,所,,,False
0000010211,#K04101,交通事故発生件数（人口10万人当たり）,traffic-accident-count-per-population,件,,,False
0000010211,#K04102,交通事故発生件数（道路実延長千km当たり）,traffic-accident-count-per-1000-km,件,,,False
0000010211,#K04105,交通事故死傷者数（人口10万人当たり）,traffic-accident-casualties-per-population,人,,,False
0000010211,#K04106,交通事故死者数（人口10万人当たり）,traffic-accident-deaths-per-100k,人,,,False
0000010211,#K04107,交通事故負傷者数（人口10万人当たり）,traffic-accident-injuries-per-100k,人,,,False
0000010211,#K04201,交通事故死傷者数（交通事故100件当たり）,traffic-accident-casualties-per-100-accidents,人,,,False
0000010211,#K04202,交通事故死者数（交通事故100件当たり）,traffic-accident-deaths-per-100-accidents,人,,,False
0000010211,#K04301,道路交通法違反検挙件数（人口千人当たり）,road-traffic-law-violation-arrest-count-per-population,件,,,False
0000010211,#K05103,警察官数（人口千人当たり）,police-officer-count-per-population,人,,,False
0000010211,#K06101,刑法犯認知件数（人口千人当たり）,penal-code-offenses-recognized-per-1000,件,,,False
0000010211,#K06104,窃盗犯認知件数（人口千人当たり）,theft-offenses-recognized-per-1000,件,,,False
0000010211,#K06201,刑法犯検挙率,criminal-arrest-rate,％,,,False
0000010211,#K06204,窃盗犯検挙率,theft-criminal-arrest-rate,％,,,False
0000010211,#K06301,少年刑法犯検挙人員（14～19歳人口千人当たり）,juvenile-criminal-arrest-person-per-population,人,,,False
0000010211,#K06304,少年窃盗犯検挙人員（14～19歳人口千人当たり）,juvenile-theft-offender-arrests-per-1000-14-19,人,,,False
0000010211,#K06401,刑法犯認知件数に占める凶悪犯の割合,criminal-recognition-count-of-serious-crime-rate,％,,,False
0000010211,#K06402,刑法犯認知件数に占める粗暴犯の割合,criminal-recognition-count-of-violent-crime-rate,％,,,False
0000010211,#K06403,刑法犯認知件数に占める窃盗犯の割合,criminal-recognition-count-of-theft-crime-rate,％,,,False
0000010211,#K06405,刑法犯認知件数に占める風俗犯の割合,criminal-recognition-count-of-prostitution-crime-rate,％,,,False
0000010211,#K06501,特別法犯検挙件数（人口10万人当たり）,special-law-criminal-arrest-count-per-population,件,,,False
0000010211,#K06503,覚醒剤取締検挙件数（人口10万人当たり）,drug-enforcement-arrest-count-per-population,件,,,False
0000010211,#K07105,災害被害額（人口1人当たり）,disaster-damage-amount-per-person,円,,,False
0000010211,#K08101,不慮の事故による死亡者数（人口10万人当たり）,accidental-deaths-per-100k,人,,,False
0000010211,#K09201,公害苦情受付件数（人口10万人当たり）,pollution-complaints-received-per-100k,件,,,False
0000010211,#K09210,ばい煙発生施設数,smoke-emitting-facility-count,件,,,False
0000010211,#K09211,一般粉じん発生施設数,general-dust-emitting-facility-count,件,,,False
0000010211,#K09220,水質汚濁防止法上の特定事業場数,specific-business-sites-under-water-pollution-control-act,件,,,False
0000010211,#K10101,民間生命保険保有契約件数（人口千人当たり）,private-life-insurance-contracts-per-1000,件,,,False
0000010211,#K10105,民間生命保険保険金額（保有契約1件当たり）,private-life-insurance-amount-per-contract,万円,,,False
0000010211,#K10107,民間生命保険保険金額（1世帯当たり）,private-life-insurance-contract-amount-per-household,万円,,,False
0000010211,#K10201,簡易生命保険保有契約件数（人口千人当たり）,simple-life-insurance-contract-count-per-population,件,,,False
0000010211,#K10203,簡易生命保険保有契約保険金額（保有契約1件当たり）,simple-life-insurance-contract-amount-per-contract,万円,,,False
0000010211,#K10301,火災保険住宅物件・一般物件新契約件数（1年）（一般世帯千世帯当たり）,fire-insurance-new-contracts-per-1000-households,件,,,False
0000010211,#K10304,火災保険住宅物件・一般物件保険金受取件数（1年）（一般世帯千世帯当たり）,fire-insurance-claims-received-per-1000-households,件,,,False
0000010211,#K10305,火災保険住宅物件・一般物件受取保険金額（1年）（保有契約1件当たり）,fire-insurance-amount-received-per-contract,万円,,,False
0000010211,#K10306,火災保険住宅物件・一般物件新契約件数（一般世帯千世帯当たり）,fire-insurance-new-contracts-per-1000-households-alt,件,,,False
0000010211,#K10307,火災保険住宅物件・一般物件保険金受取件数（一般世帯千世帯当たり）,fire-insurance-claims-received-per-1000-households-alt,件,,,False
0000010211,#K10308,火災保険住宅物件・一般物件受取保険金額（保有契約1件当たり）,fire-insurance-amount-received-per-contract-alt,万円,,,False
0000010211,#K10403,自動車損害賠償責任保険受取保険金額（支払件数1件当たり）,auto-liability-insurance-amount-received-per-payment,万円,,,False
0000010211,#K10501,任意自動車保険普及率（車両）,private-auto-insurance-penetration-rate-vehicle,％,,,False
0000010211,#K10502,任意自動車保険普及率（対人）,voluntary-auto-insurance-penetration-personal,％,,,False
0000010211,#K10503,任意自動車保険普及率（対物）,voluntary-auto-insurance-penetration-property,％,,,False
0000010205,#E0110101,小学校数（6～11歳人口10万人当たり）,elementary-school-count-per-100k-6-11,校,,,False
0000010205,#E0110102,中学校数（12～14歳人口10万人当たり）,junior-high-school-count-per-100k-12-14,校,,,False
0000010205,#E0110103,高等学校数（15～17歳人口10万人当たり）,high-school-count-per-100k-15-17,校,,,False
0000010205,#E0110104,幼稚園数（3～5歳人口10万人当たり）,kindergarten-count-per-100k-3-5,園,,,False
0000010205,#E0110105,保育所等数（0～5歳人口10万人当たり）,nursery-count-per-100k-0-5,所,,,False
0000010205,#E0110106,認定こども園数（0～5歳人口10万人当たり）,certified-childcare-center-count-per-100k-0-5,園,,,False
0000010205,#E0110107,義務教育学校数（6～14歳人口10万人当たり）,compulsory-education-school-count-per-100k-6-14,校,,,False
0000010205,#E0110108,中等教育学校数（12～17歳人口10万人当たり）,secondary-education-school-count-per-100k-12-17,校,,,False
0000010205,#E0110201,小学校数（可住地面積100km2当たり）,elementary-school-count-per-100km2-habitable,校,,,False
0000010205,#E0110202,中学校数（可住地面積100km2当たり）,junior-high-school-count-per-100km2-habitable,校,,,False
0000010205,#E0110203,高等学校数（可住地面積100km2当たり）,high-school-count-per-100km2-habitable,校,,,False
0000010205,#E01303,公立高等学校割合,public-high-school-ratio,％,,,False
0000010205,#E01304,公立幼稚園割合,public-kindergarten-ratio,％,,,False
0000010205,#E01305,公営保育所等割合,public-nursery-ratio,％,,,False
0000010205,#E02601,公立小学校屋内運動場設置率,public-elementary-school-gym-installation-rate,％,,,False
0000010205,#E02602,公立中学校屋内運動場設置率,public-junior-high-school-gym-installation-rate,％,,,False
0000010205,#E02701,公立小学校プール設置率,public-elementary-school-pool-installation-rate,％,,,False
0000010205,#E02702,公立中学校プール設置率,public-junior-high-school-pool-installation-rate,％,,,False
0000010205,#E02703,公立高等学校プール設置率,public-high-school-pool-installation-rate,％,,,False
0000010205,#E04101,小学校教員割合（男）,elementary-school-teacher-ratio-male,％,,,False
0000010205,#E04102,中学校教員割合（男）,junior-high-school-teacher-ratio-male,％,,,False
0000010205,#E0510201,小学校児童数（1学級当たり）,elementary-school-students-per-class,人,,,False
0000010205,#E0510202,中学校生徒数（1学級当たり）,junior-high-school-students-per-class,人,,,False
0000010205,#E0510301,小学校児童数（教員1人当たり）,elementary-school-students-per-teacher,人,,,False
0000010205,#E0510302,中学校生徒数（教員1人当たり）,junior-high-school-students-per-teacher,人,,,False
0000010205,#E0510303,高等学校生徒数（教員1人当たり）,high-school-students-per-teacher,人,,,False
0000010205,#E0510304,幼稚園在園者数（教員1人当たり）,kindergarten-students-per-teacher,人,,,False
0000010205,#E0510305,保育所等在所児数（保育士1人当たり）,nursery-children-per-nursery-teacher,人,,,False
0000010205,#E05203,公立高等学校生徒比率,public-high-school-student-ratio,％,,,False
0000010205,#E05204,公立幼稚園在園者比率,public-kindergarten-student-ratio,％,,,False
0000010205,#E05205,公営保育所等在所児比率,public-nursery-student-ratio,％,,,False
0000010205,#E0610101,短期大学数（人口10万人当たり）,junior-college-count-per-100k,校,,,False
0000010205,#E0610102,大学数（人口10万人当たり）,university-count-per-100k,校,,,False
0000010205,#E0610201,短期大学収容力指数,junior-college-capacity-index,‐,,,False
0000010205,#E0610202,大学収容力指数,university-capacity-index,‐,,,False
0000010205,#E0620401,国立大学学生数割合,national-university-student-ratio,％,,,False
0000010205,#E0620402,公立大学学生数割合,public-university-student-ratio,％,,,False
0000010205,#E0620403,私立大学学生数割合,private-university-student-ratio,％,,,False
0000010205,#E08101,専修学校数（人口10万人当たり）,specialized-school-count-per-100k,校,,,False
0000010205,#E08102,各種学校数（人口10万人当たり）,miscellaneous-school-count-per-100k,校,,,False
0000010205,#E08201,専修学校生徒数（人口千人当たり）,specialized-school-students-per-1000,人,,,False
0000010205,#E08202,各種学校生徒数（人口千人当たり）,miscellaneous-school-students-per-1000,人,,,False
0000010205,#E0910101,教育普及度（幼稚園）,kindergarten-education-diffusion-rate,％,,,False
0000010205,#E0910102,教育普及度（保育所等）,nursery-education-diffusion-rate,％,,,False
0000010205,#E0910402,保育所等利用率,nursery-utilization-rate,％,,,False
0000010205,#E09211,小学校長期欠席児童比率（年度間30日以上）（児童千人当たり）,elementary-school-long-absence-ratio-over-30days-per-1000,‐,,,False
0000010205,#E09212,中学校長期欠席生徒比率（年度間30日以上）（生徒千人当たり）,junior-high-school-long-absence-ratio-over-30days-per-1000,‐,,,False
0000010205,#E09213,不登校による小学校長期欠席児童比率（年度間30日以上）（児童千人当たり）,elementary-school-long-absence-ratio-nonattendance-over-30days-per-1000,‐,,,False
0000010205,#E09214,不登校による中学校長期欠席生徒比率（年度間30日以上）（生徒千人当たり）,junior-high-school-long-absence-ratio-nonattendance-over-30days-per-1000,‐,,,False
0000010205,#E09401,中学校卒業者の進学率,junior-high-school-graduates-advancement-rate,％,,,False
0000010205,#E09402,高等学校卒業者の進学率,high-school-graduates-advancement-rate,％,,,False
0000010205,#E0940302,出身高校所在地県の県内大学への入学者割合（対大学入学者数）,in-pref-university-entrance-ratio-by-highschool-origin,％,,,False
0000010205,#E09501,最終学歴が小学・中学卒の者の割合,final-education-elementary-junior-high-ratio,％,,,False
0000010205,#E09502,最終学歴が高校・旧中卒の者の割合,final-education-highschool-old-junior-high-ratio,％,,,False
0000010205,#E09503,最終学歴が短大・高専卒の者の割合,final-education-junior-college-technical-college-ratio,％,,,False
0000010205,#E09504,最終学歴が大学・大学院卒の者の割合,final-education-university-graduate-school-ratio,％,,,False
0000010205,#E10101,幼稚園教育費（在園者1人当たり）,kindergarten-education-cost-per-student,円,,,False
0000010205,#E10102,小学校教育費（児童1人当たり）,elementary-school-education-cost-per-student,円,,,False
0000010205,#E10103,中学校教育費（生徒1人当たり）,junior-high-school-education-cost-per-student,円,,,False
0000010205,#E10104,高等学校教育費（全日制）（生徒1人当たり）,high-school-education-cost-fulltime-per-student,円,,,False
0000010205,#E10105,幼保連携型認定こども園教育費（在園者1人当たり）,certified-childcare-center-education-cost-per-student,円,,,False
0000010213,#M01101,1次活動の平均時間（男）,primary-activity-avg-time-male,分,,,False
0000010213,#M01102,1次活動の平均時間（女）,primary-activity-avg-time-female,分,,,False
0000010213,#M0120106,2次活動の平均時間（有業者・男）,secondary-activity-avg-time-employed-male,分,,,False
0000010213,#M0120107,2次活動の平均時間（無業者・男）,secondary-activity-avg-time-unemployed-male,分,,,False
0000010213,#M0120206,2次活動の平均時間（有業者・女）,secondary-activity-avg-time-employed-female,分,,,False
0000010213,#M0120207,2次活動の平均時間（無業者・女）,secondary-activity-avg-time-unemployed-female,分,,,False
0000010213,#M0130106,3次活動の平均時間（有業者・男）,tertiary-activity-avg-time-employed-male,分,,,False
0000010213,#M0130107,3次活動の平均時間（無業者・男）,tertiary-activity-avg-time-unemployed-male,分,,,False
0000010213,#M0130206,3次活動の平均時間（有業者・女）,tertiary-activity-avg-time-employed-female,分,,,False
0000010213,#M0130207,3次活動の平均時間（無業者・女）,tertiary-activity-avg-time-unemployed-female,分,,,False
0000010213,#M0210101,仕事の平均時間（有業者・男）,work-avg-time-employed-male,分,,,False
0000010213,#M0210201,仕事の平均時間（有業者・女）,work-avg-time-employed-female,分,,,False
0000010213,#M0310101,趣味・娯楽の平均時間（有業者・男）,hobby-leisure-avg-time-employed-male,分,,,False
0000010213,#M0310102,趣味・娯楽の平均時間（無業者・男）,hobby-leisure-avg-time-unemployed-male,分,,,False
0000010213,#M0310201,趣味・娯楽の平均時間（有業者・女）,hobby-leisure-avg-time-employed-female,分,,,False
0000010213,#M0310202,趣味・娯楽の平均時間（無業者・女）,hobby-leisure-avg-time-unemployed-female,分,,,False
0000010213,#M0330101,テレビ・ラジオ・新聞・雑誌の平均時間（有業者・男）,average-broadcast-media-consumption-time-employed-man,分,,,False
0000010213,#M0330102,テレビ・ラジオ・新聞・雑誌の平均時間（無業者・男）,media-avg-time-unemployed-male,分,,,False
0000010213,#M0330201,テレビ・ラジオ・新聞・雑誌の平均時間（有業者・女）,maverage-broadcast-media-consumption-time-employed-woman,分,,,False
0000010213,#M0330202,テレビ・ラジオ・新聞・雑誌の平均時間（無業者・女）,media-avg-time-unemployed-female,分,,,False
0000010207,#G01101,公民館数（人口100万人当たり）,public-hall-count-per-million,館,,,False
0000010207,#G01104,図書館数（人口100万人当たり）,library-count-per-million,館,,,False
0000010207,#G01107,博物館数（人口100万人当たり）,museum-count-per-million,館,,,False
0000010207,#G01109,青少年教育施設数（人口100万人当たり）,youth-education-facility-count-per-million,所,,,False
0000010207,#G01321,社会体育施設数（人口100万人当たり）,community-sports-facility-count-per-million,施設,,,False
0000010207,#G01323,多目的運動広場数（公共）（人口100万人当たり）,public-multipurpose-sports-ground-count-per-million,施設,,,False
0000010207,#G01325,体育館数（公共）（人口100万人当たり）,public-gymnasium-count-per-million,施設,,,False
0000010207,#G01326,水泳プール数（屋内，屋外）（公共）（人口100万人当たり）,public-swimming-pool-count-per-million,施設,,,False
0000010207,#G03201,青少年学級・講座数（人口100万人当たり）,youth-class-lecture-count-per-million,学級･講座,,,False
0000010207,#G03203,成人一般学級・講座数（人口100万人当たり）,adult-class-lecture-count-per-million,学級･講座,,,False
0000010207,#G0320501,女性学級・講座数（女性人口100万人当たり）,female-class-lecture-count-per-million-female,学級･講座,,,False
0000010207,#G03207,高齢者学級・講座数（人口100万人当たり）,elderly-class-lecture-count-per-million,学級･講座,,,False
0000010207,#G04101,ボランティア活動の年間行動者率（15歳以上）,volunteer-activity-annual-participation-rate-15plus,％,,,False
0000010207,#G041011,ボランティア活動の年間行動者率（10歳以上）,volunteer-activity-annual-participation-rate-10plus,％,,,False
0000010207,#G042111,スポーツの年間行動者率（10歳以上）,sports-annual-participation-rate-10plus,％,,,False
0000010207,#G0430501,一般旅券発行件数（人口千人当たり）,passport-issuance-count-per-thousand,件,,,False
0000010207,#G04306,旅行・行楽の年間行動者率（15歳以上）,travel-leisure-annual-participation-rate-15plus,％,,,False
0000010207,#G043061,旅行・行楽の年間行動者率（10歳以上）,travel-leisure-annual-participation-rate-10plus,％,,,False
0000010207,#G04307,海外旅行の年間行動者率（15歳以上）,overseas-travel-annual-participation-rate-15plus,％,,,False
0000010207,#G043071,海外旅行の年間行動者率（10歳以上）,overseas-travel-annual-participation-rate-10plus,％,,,False
0000010207,#G04308,客室稼働率,room-occupancy-rate,％,,,False
0000010207,#G05102,書籍・雑誌小売業年間商品販売額（人口1人当たり）,book-magazine-retail-annual-sales-per-capita,円,,,False
0000010206,#F0110101,労働力人口比率（男）,labor-force-population-ratio-man,％,,,False
0000010206,#F0110102,労働力人口比率（女）,labor-force-population-ratio-woman,％,,,False
0000010206,#F01102,就業者比率,employed-people-ratio,％,,,False
0000010206,#F01201,第1次産業就業者比率,employed-people-ratio-primary,％,,,False
0000010206,#F01202,第2次産業就業者比率,employed-people-ratio-secondary,％,,,False
0000010206,#F01203,第3次産業就業者比率,employed-people-ratio-tertiary,％,,,False
0000010206,#F01204,第2次産業及び第3次産業就業者比率（対就業者）,secondary-employed-people-ratio-tertiary,％,,,False
0000010206,#F01301,完全失業率,unemployment-rate,％,,,False
0000010206,#F0130101,完全失業率（男）,unemployment-rate-man,％,,,False
0000010206,#F0130102,完全失業率（女）,unemployment-rate-woman,％,,,False
0000010206,#F01503,共働き世帯割合,dual-income-household-ratio,％,,,False
0000010206,#F02301,雇用者比率,employee-ratio,％,,,False
0000010206,#F02501,県内就業者比率,in-prefecture-employed-people-ratio,％,,,False
0000010206,#F0260101,出稼者比率（販売農家）,migrant-worker-ratio-sales-farm,％,,,False
0000010206,#F02701,他市区町村への通勤者比率,commuter-ratio-to-other-municipalities,％,,,False
0000010206,#F02702,他市区町村からの通勤者比率,commuter-ratio-from-other-municipalities,％,,,False
0000010206,#F03101,就職率,employment-rate,％,,,False
0000010206,#F03102,県外就職者比率（～2018）,employed-outside-the-prefecture-pre2018,％,,,False
0000010206,#F0310201,県外就職者比率,employed-outside-the-prefecture,％,,,False
0000010206,#F03103,有効求人倍率,active-job-opening-ratio,倍,,,False
0000010206,#F03104,充足率,fulfillment-rate,％,,,False
0000010206,#F0320101,パートタイム就職率（常用）,part-time-employment-rate-regular,％,,,False
0000010206,#F03230,女性パートタイム労働者数（～2019）,female-part-time-workers-pre2019,人,,,False
0000010206,#F03240,男性パートタイム労働者数（～2019）,male-part-time-workers-pre2019,人,,,False
0000010206,#F03241,女性パートタイム労働者数,female-part-time-workers,人,,,False
0000010206,#F03242,男性パートタイム労働者数,male-part-time-workers,人,,,False
0000010206,#F03301,高等学校新規卒業者の就職率,high-school-new-graduates-employment-rate,％,,,False
0000010206,#F03302,高等学校卒業者に占める県外就職者の割合,high-school-graduates-out-of-prefecture-job-ratio,％,,,False
0000010206,#F03303,高等学校卒業者に占める就職者の割合,high-school-graduates-job-ratio,％,,,False
0000010206,#F03304,高等学校新規卒業者の求人倍率,high-school-new-graduates-job-opening-ratio,倍,,,False
0000010206,#F03401,短大新規卒業者の無業者率,junior-college-new-graduates-unemployment-rate,％,,,False
0000010206,#F03402,大学新規卒業者の無業者率,university-new-graduates-unemployment-rate,％,,,False
0000010206,#F03403,大学卒業者に占める就職者の割合,university-graduates-job-ratio,％,,,False
0000010206,#F0350101,中高年齢者就職率（45歳以上）,middle-aged-employment-rate-45plus,％,,,False
0000010206,#F0350201,就職者に占める中高年齢者の比率（45歳以上）,middle-aged-job-ratio-45plus,％,,,False
0000010206,#F0350303,高齢就業者割合（65歳以上）,elderly-workers-ratio,％,,,False
0000010206,#F0350403,高齢一般労働者割合（65歳以上）（～2019）,elderly-general-worker-old-population-ratio-pre2019,％,,,False
0000010206,#F0350406,高齢一般労働者割合（65歳以上）,elderly-general-worker-old-population-ratio,％,,,False
0000010206,#F03601,就職者に占める身体障害者の比率（就職件数千件当たり）,disabled-job-ratio-per-1000,‐,,,False
0000010206,#F03602,障害者就職率,disabled-employment-rate,％,,,False
0000010206,#F04101,転職率,job-change-rate,％,,,False
0000010206,#F04102,離職率,turnover-rate,％,,,False
0000010206,#F04103,新規就業率,new-employment-rate,％,,,False
0000010206,#F04104,就業異動率,employment-mobility-rate,％,,,False
0000010206,#F0610101,月間平均実労働時間数（男）（～2019）,monthly-average-actual-working-hours-male-pre2019,時間,,,False
0000010206,#F0610102,月間平均実労働時間数（女）（～2019）,monthly-average-actual-working-hours-female-pre2019,時間,,,False
0000010206,#F0610103,月間平均実労働時間数（男）,monthly-average-actual-working-hours-male,時間,,,False
0000010206,#F0610104,月間平均実労働時間数（女）,monthly-average-actual-working-hours-female,時間,,,False
0000010206,#F0620101,きまって支給する現金給与月額（男）（～2019）,regular-cash-salary-male-pre2019,千円,,,False
0000010206,#F0620102,きまって支給する現金給与月額（女）（～2019）,regular-cash-salary-female-pre2019,千円,,,False
0000010206,#F0620103,きまって支給する現金給与月額（男）,regular-cash-salary-male,千円,,,False
0000010206,#F0620104,きまって支給する現金給与月額（女）,regular-cash-salary-female,千円,,,False
0000010206,#F0620301,新規学卒者初任給（高校）（男）,new-graduate-starting-salary-highschool-male,千円,,,False
0000010206,#F0620302,新規学卒者初任給（高校）（女）,new-graduate-starting-salary-highschool-female,千円,,,False
0000010206,#F0620303,新規学卒者初任給（大学）（男）,new-graduate-starting-salary-university-male,千円,,,False
0000010206,#F0620304,新規学卒者初任給（高専・短大）（女）,new-graduate-starting-salary-technical-juniorcollege-female,千円,,,False
0000010206,#F0620305,新規学卒者初任給（大学）（女）,new-graduate-starting-salary-university-female,千円,,,False
0000010206,#F0620306,新規学卒者初任給（高専・短大）（男）,new-graduate-starting-salary-technical-juniorcollege-male,千円,,,False
0000010206,#F0620307,新規学卒者所定内給与額（高校）（男）,new-graduate-regular-salary-highschool-male,千円,,,False
0000010206,#F0620308,新規学卒者所定内給与額（高校）（女）,new-graduate-regular-salary-highschool-female,千円,,,False
0000010206,#F0620309,新規学卒者所定内給与額（高専・短大）（男）,new-graduate-regular-salary-technical-juniorcollege-male,千円,,,False
0000010206,#F0620310,新規学卒者所定内給与額（高専・短大）（女）,new-graduate-regular-salary-technical-juniorcollege-female,千円,,,False
0000010206,#F0620311,新規学卒者所定内給与額（大学）（男）,new-graduate-regular-salary-university-male,千円,,,False
0000010206,#F0620312,新規学卒者所定内給与額（大学）（女）,new-graduate-regular-salary-university-female,千円,,,False
0000010206,#F06204,女性パートタイムの給与（1時間当たり）（～2019）,female-part-time-hourly-wage-pre2019,円,,,False
0000010206,#F06205,男性パートタイムの給与（1時間当たり）（～2019）,male-part-time-hourly-wage-pre2019,円,,,False
0000010206,#F06206,女性パートタイムの給与（1時間当たり）,female-part-time-hourly-wage,円,,,False
0000010206,#F06207,男性パートタイムの給与（1時間当たり）,male-part-time-hourly-wage,円,,,False
0000010206,#F07101,雇用保険受給率,employment-insurance-receipt-rate,％,,,False
0000010206,#F07102,雇用保険基本手当平均支給額,employment-insurance-basic-benefit-average,千円,,,False
0000010206,#F07201,雇用保険（日雇）受給率,employment-insurance-daily-receipt-rate,％,,,False
0000010206,#F07202,雇用保険（日雇）基本手当平均支給額,employment-insurance-daily-basic-benefit-average,千円,,,False
0000010206,#F08101,労働者災害補償保険給付率,workers-compensation-insurance-benefits-rate,％,,,False
0000010206,#F08102,労働者災害補償保険給付平均支給額,average-payment-amount-of-workers-compensation-insurance-benefits,千円,,,False
0000010206,#F08201,労働災害発生の頻度,frequency-of-occupational-accidents,‐,,,False
0000010206,#F08202,労働災害の重さの程度,work-accident-severity,‐,,,False
0000010206,#F03231,#F03231_女性パートタイム労働者数（2019～）,female-part-time-workers-post2019 ,,,,False
0000010212,#L01100,農家総所得,total-farm-household-income,千円,,,False
0000010212,#L0110101,農業所得割合,agricultural-income-ratio,％,,,False
0000010212,#L0110102,農外所得割合,non-agricultural-income-ratio,％,,,False
0000010212,#L01201,実収入（二人以上の世帯のうち勤労者世帯）（1世帯当たり1か月間）,actual-income-worker-households-per-month,千円,,,False
0000010212,#L01204,世帯主収入（二人以上の世帯のうち勤労者世帯）（1世帯当たり1か月間）,household-head-income-worker-households-per-month,千円,,,False
0000010212,#L02101,農家世帯の家計費（1世帯当たり1か月間）,farm-household-expenditure-per-month,千円,,,False
0000010212,#L02211,消費支出（二人以上の世帯）（1世帯当たり1か月間）,consumption-expenditure-multi-person-households-per-month,千円,,,False
0000010212,#L02411,食料費割合（二人以上の世帯）,food-expenditure-ratio-multi-person-households,％,,,False
0000010212,#L02412,住居費割合（二人以上の世帯）,housing-expenditure-ratio-multi-person-households,％,,,False
0000010212,#L02413,光熱・水道費割合（二人以上の世帯）,utilities-expenditure-ratio-multi-person-households,％,,,False
0000010212,#L02414,家具・家事用品費割合（二人以上の世帯）,furniture-household-goods-expenditure-ratio-multi-person-households,％,,,False
0000010212,#L02415,被服及び履物費割合（二人以上の世帯）,clothing-footwear-expenditure-ratio-multi-person-households,％,,,False
0000010212,#L02416,保健医療費割合（二人以上の世帯）,healthcare-expenditure-ratio-multi-person-households,％,,,False
0000010212,#L02417,交通・通信費割合（二人以上の世帯）,transport-communication-expenditure-ratio-multi-person-households,％,,,False
0000010212,#L02418,教育費割合（二人以上の世帯）,education-expenditure-ratio-multi-person-households,％,,,False
0000010212,#L02419,教養娯楽費割合（二人以上の世帯）,culture-recreation-expenditure-ratio-multi-person-households,％,,,False
0000010212,#L02420,その他の消費支出割合（二人以上の世帯）,other-consumption-expenditure-ratio-multi-person-households,％,,,False
0000010212,#L02601,農家世帯の平均消費性向,average-propensity-to-consume-of-farm-households,％,,,False
0000010212,#L02602,平均消費性向（二人以上の世帯のうち勤労者世帯）,avg-propensity-to-consume-worker-households,％,,,False
0000010212,#L02734,平均貯蓄率（二人以上の世帯のうち勤労者世帯）,avg-savings-rate-worker-households,％,,,False
0000010212,#L02735,預貯金純増率（二人以上の世帯のうち勤労者世帯）,net-increase-rate-deposits-worker-households,％,,,False
0000010212,#L02736,土地家屋借金純減率（二人以上の世帯のうち勤労者世帯）,net-decrease-rate-land-house-loans-worker-households,％,,,False
0000010212,#L03201,貯蓄現在高（二人以上の世帯）（1世帯当たり）,current-savings-balance-multi-person-households,千円,,,False
0000010212,#L03212,預貯金現在高割合（二人以上の世帯）,current-deposit-balance-ratio-multi-person-households,％,,,False
0000010212,#L03213,生命保険現在高割合（二人以上の世帯）,current-life-insurance-balance-ratio-multi-person-households,％,,,False
0000010212,#L03214,有価証券現在高割合（二人以上の世帯）,current-securities-balance-ratio-multi-person-households,％,,,False
0000010212,#L03401,負債現在高（二人以上の世帯）（1世帯当たり）,current-liabilities-balance-multi-person-households,千円,,,False
0000010212,#L03412,住宅・土地のための負債割合（二人以上の世帯）,housing-land-liabilities-ratio-multi-person-households,％,,,False
0000010212,#L03602,電子レンジ（電子オーブンレンジを含む）所有数量（二人以上の世帯）（千世帯当たり）,microwave-ownership-multi-person-households-per-1000,台,,,False
0000010212,#L03603,ルームエアコン所有数量（二人以上の世帯）（千世帯当たり）,room-aircon-ownership-multi-person-households-per-1000,台,,,False
0000010212,#L03606,ピアノ・電子ピアノ所有数量（二人以上の世帯）（千世帯当たり）,piano-ownership-multi-person-households-per-1000,台,,,False
0000010212,#L03607,自動車所有数量（二人以上の世帯）（千世帯当たり）,car-ownership-multi-person-households-per-1000,台,,,False
0000010212,#L03609,ステレオセットまたはＣＤ・ＭＤラジオカセット所有数量（二人以上の世帯）（千世帯当たり）,stereo-cd-md-radio-ownership-multi-person-households-per-1000,台,,,False
0000010212,#L03611,携帯電話（ＰＨＳを含む）所有数量（二人以上の世帯）（千世帯当たり）,mobile-phone-ownership-multi-person-households-per-1000,台,,,False
0000010212,#L03613,パソコン所有数量（二人以上の世帯）（千世帯当たり）,pc-ownership-multi-person-households-per-1000,台,,,False
0000010212,#L03614,タブレット端末所有数量（二人以上の世帯）（千世帯当たり）,tablet-ownership-multi-person-households-per-1000,台,,,False
0000010212,#L03615,スマートフォン所有数量（二人以上の世帯）（千世帯当たり）,smartphone-ownership-multi-person-households-per-1000,台,,,False
0000010212,#L04101,消費者物価指数対前年変化率（総合）,cpi-change-rate-total,％,,,False
0000010212,#L04102,消費者物価指数対前年変化率（持ち家の帰属家賃を除く総合）,cpi-change-rate-excl-owner-rent,％,,,False
0000010212,#L04103,消費者物価指数対前年変化率（生鮮食品を除く総合）,cpi-change-rate-excl-fresh-food,％,,,False
0000010212,#L04104,消費者物価指数対前年変化率（食料）,cpi-change-rate-food,％,,,False
0000010212,#L04105,消費者物価指数対前年変化率（住居）,cpi-change-rate-housing,％,,,False
0000010212,#L04106,消費者物価指数対前年変化率（光熱・水道）,cpi-change-rate-utilities,％,,,False
0000010212,#L04107,消費者物価指数対前年変化率（家具・家事用品）,cpi-change-rate-furniture,％,,,False
0000010212,#L04108,消費者物価指数対前年変化率（被服及び履物）,cpi-change-rate-clothing,％,,,False
0000010212,#L04109,消費者物価指数対前年変化率（保健医療）,cpi-change-rate-healthcare,％,,,False
0000010212,#L04110,消費者物価指数対前年変化率（交通・通信）,cpi-change-rate-transport-communication,％,,,False
0000010212,#L04111,消費者物価指数対前年変化率（教育）,cpi-change-rate-education,％,,,False
0000010212,#L04112,消費者物価指数対前年変化率（教養娯楽）,cpi-change-rate-culture-recreation,％,,,False
0000010212,#L04113,消費者物価指数対前年変化率（諸雑費）,cpi-change-rate-miscellaneous,％,,,False
0000010212,#L04114,消費者物価指数対前年変化率（食料（酒類を除く）及びエネルギーを除く総合）,cpi-change-rate-excl-food-energy,％,,,False
0000010212,#L04115,消費者物価指数対前年変化率（生鮮食品及びエネルギーを除く総合）,cpi-change-rate-excl-fresh-food-energy,％,,,False
0000010212,#L04201,消費者物価地域差指数（総合：東京都区部＝100）,cpi-regional-difference-index-total-tokyo100,‐,,,False
0000010212,#L0420101,消費者物価地域差指数（総合）（51市平均＝100）,cpi-regional-difference-index-total-51cities100,‐,,,False
0000010212,#L04203,消費者物価地域差指数（食料：東京都区部＝100）,cpi-regional-difference-index-food-tokyo100,‐,,,False
0000010212,#L0420303,消費者物価地域差指数（食料）（51市平均＝100）,cpi-regional-difference-index-food-51cities100,‐,,,False
0000010212,#L04302,標準価格対前年平均変動率（住宅地）,standard-price-change-rate-residential,％,,,False
0000010212,#L04304,標準価格対前年平均変動率（商業地）,standard-price-change-rate-commercial,％,,,False
0000010212,#L04306,標準価格対前年平均変動率（工業地）,standard-price-change-rate-industrial,％,,,False
0000010212,#L04414,消費者物価地域差指数（総合）,cpi-regional-difference-index-total,‐,,,False
0000010212,#L04415,消費者物価地域差指数（家賃を除く総合）,cpi-regional-difference-index-excl-rent,‐,,,False
0000010212,#L04416,消費者物価地域差指数（食料）,cpi-regional-difference-index-food,‐,,,False
0000010212,#L04417,消費者物価地域差指数（住居）,cpi-regional-difference-index-housing,‐,,,False
0000010212,#L04418,消費者物価地域差指数（光熱・水道）,cpi-regional-difference-index-utilities,‐,,,False
0000010212,#L04419,消費者物価地域差指数（家具・家事用品）,cpi-regional-difference-index-furniture,‐,,,False
0000010212,#L04420,消費者物価地域差指数（被服及び履物）,cpi-regional-difference-index-clothing,‐,,,False
0000010212,#L04421,消費者物価地域差指数（保健医療）,cpi-regional-difference-index-healthcare,‐,,,False
0000010212,#L04422,消費者物価地域差指数（交通・通信）,cpi-regional-difference-index-transport-communication,‐,,,False
0000010212,#L04423,消費者物価地域差指数（教育）,cpi-regional-difference-index-education,‐,,,False
0000010212,#L04424,消費者物価地域差指数（教養娯楽）,cpi-regional-difference-index-culture-recreation,‐,,,False
0000010212,#L04425,消費者物価地域差指数（諸雑費）,cpi-regional-difference-index-miscellaneous,‐,,,False
0000010212,#L07201,金融資産残高（貯蓄現在高）（二人以上の世帯）（1世帯当たり）,financial-assets-balance-multi-person-households,千円,,,False
0000010212,#L07212,預貯金現在高割合（二人以上の世帯）,deposit-balance-ratio-multi-person-households,％,,,False
0000010212,#L07213,生命保険現在高割合（二人以上の世帯）,life-insurance-balance-ratio-multi-person-households,％,,,False
0000010212,#L07214,有価証券現在高割合（二人以上の世帯）,securities-balance-ratio-multi-person-households,％,,,False
0000010212,#L07401,負債現在高（二人以上の世帯）（1世帯当たり）,liabilities-balance-multi-person-households,千円,,,False
0000010212,#L07412,住宅・土地のための負債割合（二人以上の世帯）,housing-land-liabilities-ratio-multi-person-households,％,,,False
0000010212,#L07601,年間収入（1世帯当たり）,annual-income-per-household,千円,,,False
0000010212,#L07602,世帯主収入（年間収入）（1世帯当たり）,household-head-annual-income-per-household,千円,,,False
0000010202,#B011001,総面積（北方地域及び竹島を含む）,total-area-including-northern-territories-and-takeshima,１００Ｋm2,,,False
0000010202,#B01101,面積割合（全国面積に占める割合）,area-ratio-of-total,％,,,False
0000010202,#B01202,森林面積割合,forest-area-ratio,％,,,False
0000010202,#B01204,自然公園面積割合,nature-park-area-ratio,％,,,False
0000010202,#B01301,可住地面積割合,habitable-area-ratio,％,,,False
0000010202,#B01401,評価総地積割合（課税対象土地）,total-assessed-land-area-ratio,％,,,False
0000010202,#B0140101,評価総地積割合（田）,total-assessed-land-area-ratio-paddy,％,,,False
0000010202,#B0140102,評価総地積割合（畑）,total-assessed-land-area-ratio-field,％,,,False
0000010202,#B0140103,評価総地積割合（宅地）,total-assessed-land-area-ratio-residential,％,,,False
0000010202,#B02101,年平均気温,average-temperature,ﾟC,,,False
0000010202,#B02102,最高気温（日最高気温の月平均の最高値）,maximum-temperature,ﾟC,,,False
0000010202,#B02103,最低気温（日最低気温の月平均の最低値）,lowest-temperature,ﾟC,,,False
0000010202,#B02201,年平均相対湿度,average-relative-humidity,％,,,False
0000010202,#B02301,快晴日数（年間）,annual-clear-days,日,,,False
0000010202,#B02303,降水日数（年間）,annual-precipitation-days,日,,,False
0000010202,#B02304,雪日数（年間）,annual-snow-days,日,,,False
0000010202,#B02401,日照時間（年間）,annual-sunshine-duration,時間,,,False
0000010202,#B02402,降水量（年間）,annual-precipitation,mm,,,False
0000010203,#C01101,県内総生産額対前年増加率（平成17年基準）,gdp-growth-rate-pref-h17,％,,,False
0000010203,#C01105,県民所得対前年増加率（平成17年基準）,prefectural-income-growth-rate-h17,％,,,False
0000010203,#C01106,県民総所得対前年増加率（名目）（平成17年基準）,gross-prefectural-income-growth-rate-nominal-h17,％,,,False
0000010203,#C01107,県民総所得対前年増加率（実質）（平成17年基準）,gross-prefectural-income-growth-rate-real-h17,％,,,False
0000010203,#C01111,県内総生産額対前年増加率（平成23年基準）,gdp-growth-rate-pref-h23,％,,,False
0000010203,#C01115,県民所得対前年増加率（平成23年基準）,prefectural-income-growth-rate-h23,％,,,False
0000010203,#C01116,県民総所得対前年増加率（名目）（平成23年基準）,gross-prefectural-income-growth-rate-nominal-h23,％,,,False
0000010203,#C01121,県内総生産額対前年増加率（平成27年基準）,gdp-growth-rate-pref-h27,％,,,False
0000010203,#C01125,県民所得対前年増加率（平成27年基準）,prefectural-income-growth-rate-h27,％,,,False
0000010203,#C01126,県民総所得対前年増加率（名目）（平成27年基準）,gross-prefectural-income-growth-rate-nominal-h27,％,,,False
0000010203,#C01301,1人当たり県民所得（平成17年基準）,per-capita-prefectural-income-h17,千円,,,False
0000010203,#C01311,1人当たり県民所得（平成23年基準）,per-capita-prefectural-income-h23,千円,,,False
0000010203,#C01321,1人当たり県民所得（平成27年基準）,per-capita-prefectural-income-h27,千円,,,False
0000010203,#C02102,第2次産業事業所数構成比（事業所・企業統計調査結果）,secondary-industry-establishment-ratio-census,％,,,False
0000010203,#C02103,第3次産業事業所数構成比（事業所・企業統計調査結果）,tertiary-industry-establishment-ratio-census,％,,,False
0000010203,#C02104,第2次産業事業所数構成比,secondary-industry-establishment-ratio,％,,,False
0000010203,#C02105,第3次産業事業所数構成比,tertiary-industry-establishment-ratio,％,,,False
0000010203,#C02206,従業者1～4人の事業所割合（民営）,establishment-ratio-1-4-employees-private,％,,,False
0000010203,#C02207,従業者5～9人の事業所割合（民営）,establishment-ratio-5-9-employees-private,％,,,False
0000010203,#C02208,従業者10～29人の事業所割合（民営）,establishment-ratio-10-29-employees-private,％,,,False
0000010203,#C02209,従業者100～299人の事業所割合（民営）,establishment-ratio-100-299-employees-private,％,,,False
0000010203,#C02210,従業者300人以上の事業所割合（民営）,establishment-ratio-300plus-employees-private,％,,,False
0000010203,#C03206,従業者1～4人の事業所の従業者割合（民営）,employee-ratio-1-4-employee-establishments-private,％,,,False
0000010203,#C03207,従業者5～9人の事業所の従業者割合（民営）,employee-ratio-5-9-employee-establishments-private,％,,,False
0000010203,#C03208,従業者10～29人の事業所の従業者割合（民営）,employee-ratio-10-29-employee-establishments-private,％,,,False
0000010203,#C03209,従業者100～299人の事業所の従業者割合（民営）,employee-ratio-100-299-employee-establishments-private,％,,,False
0000010203,#C03210,従業者300人以上の事業所の従業者割合（民営）,employee-ratio-300plus-employee-establishments-private,％,,,False
0000010203,#C03303,第2次産業従業者数（1事業所当たり）（事業所・企業統計調査結果）,secondary-industry-employees-per-establishment-census,人,,,False
0000010203,#C03304,第3次産業従業者数（1事業所当たり）（事業所・企業統計調査結果）,tertiary-industry-employees-per-establishment-census,人,,,False
0000010203,#C03305,第2次産業従業者数（1事業所当たり）,secondary-industry-employees-per-establishment,人,,,False
0000010203,#C03306,第3次産業従業者数（1事業所当たり）,tertiary-industry-employees-per-establishment,人,,,False
0000010203,#C0410101,就業者1人当たり農業産出額（販売農家）,agricultural-output-per-employed-person,万円,,,False
0000010203,#C0410102,就業者1人当たり農業産出額（個人経営体）,agricultural-output-per-worker-individual-farm,万円,,,False
0000010203,#C04105,耕地面積比率,cultivated-land-area-ratio,％,,,False
0000010203,#C04106,土地生産性（耕地面積1ヘクタール当たり）,land-productivity-per-ha,万円,,,False
0000010203,#C0410701,耕地面積（農家1戸当たり）,cultivated-land-area-per-household,ｍ2,,,False
0000010203,#C04401,製造品出荷額等（従業者1人当たり）,manufacturing-shipment-amount-per-employee,万円,,,False
0000010203,#C04404,製造品出荷額等（1事業所当たり）,manufacturing-shipment-amount-per-establishment,百万円,,,False
0000010203,#C04505,商業年間商品販売額（卸売業＋小売業）（従業者1人当たり）,annual-sales-amount-per-employee,万円,,,False
0000010203,#C04507,商業年間商品販売額（卸売業＋小売業）（1事業所当たり）,annual-sales-amount-per-establishment,百万円,,,False
0000010203,#C04601,預貯金残高（人口1人当たり）,deposit-balance-per-person,万円,,,False
0000010203,#C0460101,郵便貯金残高（人口1人当たり）,postal-savings-balance-per-capita,万円,,,False
0000010203,#C04605,国内銀行預金残高（人口1人当たり）,bank-deposit-balance-per-person,万円,,,False
0000010201,#A011000,総人口,total-population,万人,,,False
0000010201,#A0110001,総人口（男）,total-population-male,万人,,,False
0000010201,#A0110002,総人口（女）,total-population-female,万人,,,False
0000010201,#A01101,全国総人口に占める人口割合,population-ratio-to-national-total,％,,,False
0000010201,#A01201,総面積１km2当たり人口密度,population-density-per-km2-total-area,人,,,False
0000010201,#A01202,可住地面積１km2当たり人口密度,population-density-per-km2-inhabitable-area,人,,,False
0000010201,#A01302,昼夜間人口比率,day-time-population-ratio,％,,,False
0000010201,#A01401,人口集中地区人口比率,densely-inhabited-district-population-ratio,％,,,False
0000010201,#A01402,人口集中地区面積比率,densely-populated-area-ratio,％,,,False
0000010201,#A01403,人口集中地区人口密度（人口集中地区面積１km2当たり）,densely-inhabited-district-population-density,人,,,False
0000010201,#A01404,人口集中地区面積の変化率,densely-populated-area-change-rate,％,,,False
0000010201,#A01601,外国人人口（人口10万人当たり）,foreign-resident-count-per-100k,人,,,False
0000010201,#A0160101,外国人人口（韓国、朝鮮）（人口10万人当たり）,foreign-resident-count-korea-per-100k,人,,,False
0000010201,#A0160102,外国人人口（中国）（人口10万人当たり）,foreign-resident-count-china-per-100k,人,,,False
0000010201,#A0160103,外国人人口（アメリカ）（人口10万人当たり）,foreign-resident-count-usa-per-100k,人,,,False
0000010201,#A0191001,将来推計人口（2020年）,future-population-2020,人,,,False
0000010201,#A0191002,将来推計人口（2025年）,future-population-2025,人,,,False
0000010201,#A0191003,将来推計人口（2030年）,future-population-2030,人,,,False
0000010201,#A0191004,将来推計人口（2035年）,future-population-2035,人,,,False
0000010201,#A0191005,将来推計人口（2040年）,future-population-2040,人,,,False
0000010201,#A0191006,将来推計人口（2045年）,future-population-2045,人,,,False
0000010201,#A0191007,将来推計人口（2050年）,future-population-2050,人,,,False
0000010201,#A02101,人口性比（総数）,sex-ratio-total,‐,,,False
0000010201,#A02102,人口性比（15歳未満人口）,sex-young-population-ratio,‐,,,False
0000010201,#A02103,人口性比（15～64歳人口）,sex-production-age-population-ratio,‐,,,False
0000010201,#A02104,人口性比（65歳以上人口）,sex-old-population-ratio,‐,,,False
0000010201,#A03401,年少人口指数,young-population-index,‐,,,False
0000010201,#A03402,老年人口指数,old-population-index,‐,,,False
0000010201,#A03403,従属人口指数,dependent-population-index,‐,,,False
0000010201,#A03404,老年化指数,aging-index,‐,,,False
0000010201,#A03501,15歳未満人口割合,young-population-ratio,％,,,False
0000010201,#A03502,15～64歳人口割合,production-age-population-ratio,％,,,False
0000010201,#A03503,65歳以上人口割合,old-population-ratio,％,,,False
0000010201,#A0410301,未婚者割合（20～24歳・男）,unmarried-ratio-male-20-24,％,,,False
0000010201,#A0410302,未婚者割合（20～24歳・女）,unmarried-ratio-female-20-24,％,,,False
0000010201,#A0410401,未婚者割合（25～29歳・男）,unmarried-ratio-male-25-29,％,,,False
0000010201,#A0410402,未婚者割合（25～29歳・女）,unmarried-ratio-female-25-29,％,,,False
0000010201,#A0410501,未婚者割合（30～34歳・男）,unmarried-ratio-male-30-34,％,,,False
0000010201,#A0410502,未婚者割合（30～34歳・女）,unmarried-ratio-female-30-34,％,,,False
0000010201,#A0410601,未婚者割合（35～39歳・男）,unmarried-ratio-male-35-39,％,,,False
0000010201,#A0410602,未婚者割合（35～39歳・女）,unmarried-ratio-female-35-39,％,,,False
0000010201,#A0410701,未婚者割合（40～44歳・男）,unmarried-ratio-male-40-44,％,,,False
0000010201,#A0410702,未婚者割合（40～44歳・女）,unmarried-ratio-female-40-44,％,,,False
0000010201,#A0410801,未婚者割合（45～49歳・男）,unmarried-ratio-male-45-49,％,,,False
0000010201,#A0410802,未婚者割合（45～49歳・女）,unmarried-ratio-female-45-49,％,,,False
0000010201,#A0411001,未婚者割合（15歳以上人口）,unmarried-ratio-15plus,％,,,False
0000010201,#A0430701,死別者割合（60歳以上・男）,widowed-ratio-male-60plus,％,,,False
0000010201,#A0430702,死別者割合（60歳以上・女）,widowed-ratio-female-60plus,％,,,False
0000010201,#A0440501,離別者割合（40～49歳・男）,divorced-ratio-male-40-49,％,,,False
0000010201,#A0440502,離別者割合（40～49歳・女）,divorced-ratio-female-40-49,％,,,False
0000010201,#A0440601,離別者割合（50～59歳・男）,divorced-ratio-male-50-59,％,,,False
0000010201,#A0440602,離別者割合（50～59歳・女）,divorced-ratio-female-50-59,％,,,False
0000010201,#A05101,人口増減率,population-growth-rate,％,,,False
0000010201,#A05201,自然増減率,natural-increase-rate,％,,,False
0000010201,#A05202,粗出生率（人口千人当たり）,crude-birth-rate,‐,,,False
0000010201,#A05203,合計特殊出生率,total-fertility-rate,‐,,,False
0000010201,#A05204,粗死亡率（人口千人当たり）,crude-death-rate,‐,,,False
0000010201,#A0520401,粗死亡率（男）（人口千人当たり）,crude-death-rate-male,‐,,,False
0000010201,#A0520402,粗死亡率（女）（人口千人当たり）,crude-death-rate-female,‐,,,False
0000010201,#A05205,年齢別死亡率（0～4歳）（人口千人当たり）,age-specific-death-rate-0-4-per-1000,‐,,,False
0000010201,#A05218,年齢別死亡率（65歳以上）（人口千人当たり）,age-adjusted-mortality-rate-old,‐,,,False
0000010201,#A0521901,年齢調整死亡率（男）(昭和60年モデル人口)（人口千人当たり）,age-adjusted-death-rate-male-s60-per-1000,‐,,,False
0000010201,#A0521902,年齢調整死亡率（女）(昭和60年モデル人口)（人口千人当たり）,age-adjusted-death-rate-female-s60-per-1000,‐,,,False
0000010201,#A0521911,年齢調整死亡率（男）(平成27年モデル人口)（人口千人当たり）,age-adjusted-death-rate-male-h27-per-1000,‐,,,False
0000010201,#A0521912,年齢調整死亡率（女）(平成27年モデル人口)（人口千人当たり）,age-adjusted-death-rate-female-h27-per-1000,‐,,,False
0000010201,#A05301,転入超過率（日本人移動者）,moving-in-excess-rate-japanese,％,,,False
0000010201,#A05302,転入率（日本人移動者）,moving-in-rate-japanese,％,,,False
0000010201,#A05303,転出率（日本人移動者）,moving-out-rate-japanese,％,,,False
0000010201,#A05304,流入人口比率,inflow-population-ratio,％,,,False
0000010201,#A05305,流出人口比率,outflow-population-ratio,％,,,False
0000010201,#A05306,社会増減率,social-increase-rate,‰,,,False
0000010201,#A05307,転入超過率,moving-in-excess-rate,％,,,False
0000010201,#A05308,転入率,moving-in-rate,％,,,False
0000010201,#A05309,転出率,moving-out-rate,％,,,False
0000010201,#A0610101,全国一般世帯に占める一般世帯割合,ratio-of-general-households-to-national,％,,,False
0000010201,#A06102,一般世帯の平均人員,average-persons-per-general-household,人,,,False
0000010201,#A06103,一般世帯数,general-households,万世帯,,,False
0000010201,#A06202,核家族世帯割合,nuclear-family-households-ratio,％,,,False
0000010201,#A06205,単独世帯割合,single-person-household-ratio,％,,,False
0000010201,#A06301,65歳以上の世帯員のいる世帯割合,household-ratio-with-65plus,％,,,False
0000010201,#A06302,夫65歳以上、妻60歳以上の夫婦のみの世帯の割合,elderly-couple-only-household-ratio,％,,,False
0000010201,#A06304,65歳以上世帯員の単独世帯の割合,single-person-household-old-population-ratio,％,,,False
0000010201,#A06601,婚姻率（人口千人当たり）,marriages-per-total-population,‐,,,False
0000010201,#A06602,離婚率（人口千人当たり）,divorces-per-total-population,‐,,,False
0000010208,#H01204,着工新設住宅比率,new-housing-construction-ratio,％,,,False
0000010208,#H01301,持ち家比率,owner-occupied-housing-ratio,％,,,False
0000010208,#H01302,借家比率,rented-housing-ratio,％,,,False
0000010208,#H0130202,民営借家比率,private-rented-housing-ratio,％,,,False
0000010208,#H01401,一戸建住宅比率,detached-house-ratio,％,,,False
0000010208,#H01402,長屋建住宅比率,row-house-ratio,％,,,False
0000010208,#H01403,共同住宅比率,apartment-ratio,％,,,False
0000010208,#H01405,空き家比率,vacant-housing-ratio,％,,,False
0000010208,#H01601,着工新設持ち家比率,new-owner-occupied-housing-ratio,％,,,False
0000010208,#H01603,着工新設貸家比率,new-rented-housing-ratio,％,,,False
0000010208,#H02101,居住室数（1住宅当たり）,rooms-per-dwelling,室,,,False
0000010208,#H0210101,居住室数（1住宅当たり）（持ち家）,rooms-per-dwelling-owner,室,,,False
0000010208,#H0210102,居住室数（1住宅当たり）（借家）,rooms-per-dwelling-rented,室,,,False
0000010208,#H0210201,持ち家住宅の居住室の畳数（1住宅当たり）,tatami-per-dwelling-owner,畳,,,False
0000010208,#H0210202,借家住宅の居住室の畳数（1住宅当たり）,tatami-per-dwelling-rented,畳,,,False
0000010208,#H0210301,持ち家住宅の延べ面積（1住宅当たり）,floor-area-per-dwelling-owner,ｍ2,,,False
0000010208,#H0210302,借家住宅の延べ面積（1住宅当たり）,floor-area-per-dwelling-rented,ｍ2,,,False
0000010208,#H02104,住宅の敷地面積（1住宅当たり）,site-area-per-dwelling,ｍ2,,,False
0000010208,#H0210701,着工新設持ち家住宅の床面積（1住宅当たり）,floor-area-new-owner-dwelling,ｍ2,,,False
0000010208,#H0210703,着工新設貸家住宅の床面積（1住宅当たり）,floor-area-new-rented-dwelling,ｍ2,,,False
0000010208,#H0210702,着工新設持ち家・貸家住宅の床面積（1住宅当たり）,floor-area-new-owner-rented-dwelling,,,,False
0000010208,#H02108,住宅の敷地面積（1人当たり）,site-area-per-person,,,,False
0000010208,#H02201,居住室の畳数（1人当たり）,tatami-per-person,,,,False
0000010208,#H02202,延べ面積（1人当たり）,floor-area-per-person,,,,False
0000010208,#H0220301,持ち家住宅の畳数（1人当たり）,tatami-per-person-owner,畳,,,False
0000010208,#H0220302,借家住宅の畳数（1人当たり）,tatami-per-person-rented,畳,,,False
0000010208,#H02204,住宅の敷地面積（1人当たり）,site-area-per-person-alt,ｍ2,,,False
0000010208,#H02301,水洗トイレのある住宅数（人口千人当たり）,flush-toilet-housing-count-per-1000,箇所,,,False
0000010208,#H02302,水洗トイレのある住宅比率,flush-toilet-housing-ratio,％,,,False
0000010208,#H02303,浴室のある住宅比率,bathroom-housing-ratio,％,,,False
0000010208,#H02304,浴室のある住宅数（人口千人当たり）,bathroom-housing-count-per-1000,箇所,,,False
0000010208,#H02602,最低居住面積水準以上世帯割合,household-ratio-above-minimum-housing-area,％,,,False
0000010208,#H03101,家計を主に支える者が雇用者である普通世帯比率（通勤時間90分以上）（普通世帯千世帯当たり）,household-ratio-main-earner-employee-commute-90min,‐,,,False
0000010208,#H03102,家計を主に支える者が雇用者である主世帯比率（通勤時間1時間30分以上）（主世帯千世帯当たり）,main-household-ratio-main-earner-employee-commute-90min,‐,,,False
0000010208,#H04101,公営賃貸住宅の家賃（1か月3.3m2当たり）,public-rental-housing-rent-per-3-3m2,円,,,False
0000010208,#H04102,民営賃貸住宅の家賃（1か月3.3m2当たり）,private-rental-housing-rent-per-3-3m2,円,,,False
0000010208,#H04201,住宅敷地価額（公庫貸付分、3.3m2当たり）,housing-site-value-per-3-3m2,千円,,,False
0000010208,#H04301,着工居住用建築物工事費予定額（床面積1m2当たり）,planned-construction-cost-per-m2,千円,,,False
0000010208,#H05102,都市ガス供給区域内世帯比率,city-gas-supply-area-household-ratio,％,,,False
0000010208,#H051041,都市ガス販売量,city-gas-sales-volume,万ＭＪ,,,False
0000010208,#H05105,ガソリン販売量,gasoline-sales-volume,ＫＬ,,,False
0000010208,#H05106,発電電力量,electricity-generation-capacity,Ｍｗｈ,,,False
0000010208,#H05107,電力需要量,power-demand-amount,Ｍｗｈ,,,False
0000010208,#H05201,上水道給水人口比率（－2011）,water-supply-population-ratio-pre2011,％,,,False
0000010208,#H0520101,上水道給水人口比率（2012－）,water-supply-population-ratio-2012on,％,,,False
0000010208,#H05304,下水道普及率（－2011）,sewerage-penetration-rate-pre2011,％,,,False
0000010208,#H0530401,下水道普及率（2012－）,sewerage-penetration-rate-2012on,％,,,False
0000010208,#H05306,水洗化人口比率,flush-toilet-population-ratio,％,,,False
0000010208,#H0540101,し尿処理人口比率（－2011）,night-soil-treatment-population-ratio-pre2011,％,,,False
0000010208,#H0540102,し尿処理人口比率（2012－）,night-soil-treatment-population-ratio-2012on,％,,,False
0000010208,#H055031,ごみのリサイクル率,garbage-recycling-rate,％,,,False
0000010208,#H055041,ごみ埋立率,garbage-landfill-rate,％,,,False
0000010208,#H05505,最終処分場残余容量,final-disposal-site-remaining-capacity,千ｍ3,,,False
0000010208,#H06101,小売店数(事業所・企業統計調査結果）（人口千人当たり）,retail-store-count-per-1000,店,,,False
0000010208,#H06103,織物・衣服・身の回り品小売店数(事業所・企業統計調査結果）（人口千人当たり）,apparel-retail-store-count-per-1000,店,,,False
0000010208,#H06105,飲食料品小売店数(事業所・企業統計調査結果）（人口千人当たり）,food-retail-store-count-per-1000,店,,,False
0000010208,#H06107,飲食店数(事業所・企業統計調査結果）（人口千人当たり）,restaurant-count-per-1000,店,,,False
0000010208,#H06109,大型小売店数(事業所・企業統計調査結果）（人口10万人当たり）,large-retail-store-count-per-100k,店,,,False
0000010208,#H06111,百貨店数(事業所・企業統計調査結果）（人口10万人当たり）,department-store-count-per-100k,店,,,False
0000010208,#H06113,セルフサービス事業所数（人口10万人当たり）,self-service-store-count-per-100k,所,,,False
0000010208,#H0611302,コンビニエンスストア数（人口10万人当たり）,convenience-store-count-per-100k,所,,,False
0000010208,#H06117,理容・美容所数（人口10万人当たり）,barber-beauty-salon-count-per-100k,所,,,False
0000010208,#H06119,クリーニング所数（人口10万人当たり）,cleaning-shop-count-per-100k,所,,,False
0000010208,#H06121,公衆浴場数（人口10万人当たり）,public-bath-count-per-100k,所,,,False
0000010208,#H06126,給油所数（道路実延長100km当たり）,gas-station-count-per-100km,箇所,,,False
0000010208,#H06127,小売店数（人口千人当たり）,retail-store-count-per-1000-alt,店,,,False
0000010208,#H06128,織物・衣服・身の回り品小売店数（人口千人当たり）,apparel-retail-store-count-per-1000-alt,店,,,False
0000010208,#H06129,飲食料品小売店数（人口千人当たり）,food-retail-store-count-per-1000-alt,店,,,False
0000010208,#H06130,飲食店数（人口千人当たり）,restaurant-count-per-1000-alt,店,,,False
0000010208,#H06131,大型小売店数（人口10万人当たり）,large-retail-store-count-per-100k-alt,店,,,False
0000010208,#H06132,百貨店、総合スーパー数（人口10万人当たり）,department-supermarket-count-per-100k,店,,,False
0000010208,#H06302,郵便局数（可住地面積100km2当たり）,post-office-count-per-100km2,局,,,False
0000010208,#H06305,電話加入数（人口千人当たり）,telephone-subscription-count-per-1000,加入,,,False
0000010208,#H06306,住宅用電話加入数（人口千人当たり）,residential-telephone-subscription-count-per-1000,加入,,,False
0000010208,#H06307,公衆電話設置台数（人口千人当たり）,public-phone-count-per-1000,個,,,False
0000010208,#H06309,郵便物引受数,mail-acceptance-count,万通,,,False
0000010208,#H06310,携帯電話契約数（人口千人当たり）,mobile-phone-contract-count-per-1000,契約,,,False
0000010208,#H06401,道路実延長（総面積1km2当たり）,road-length-per-km2,km,,,False
0000010208,#H06402,主要道路実延長（総面積1km2当たり）,main-road-length-per-km2,km,,,False
0000010208,#H06406,主要道路舗装率,main-road-paving-rate,％,,,False
0000010208,#H06408,市町村道舗装率,municipal-road-paving-rate,％,,,False
0000010208,#H06412,自動車走行台キロ,vehicle-kilometers-traveled,千台･km/12h,,,False
0000010208,#H06413,道路平均交通量,average-road-traffic,台/12h,,,False
0000010208,#H07201,市街化調整区域面積比率,urbanization-control-area-ratio,％,,,False
0000010208,#H0720201,住居専用地域面積比率,residential-area-ratio,％,,,False
0000010208,#H0720202,住居専用・住居地域面積比率,residential-and-mixed-area-ratio,％,,,False
0000010208,#H0720203,近隣商業地域面積比率,neighborhood-commercial-area-ratio,％,,,False
0000010208,#H0720204,商業・近隣商業地域面積比率,commercial-and-neighborhood-commercial-area-ratio,％,,,False
0000010208,#H0720205,工業・準工業地域面積比率,industrial-and-semi-industrial-area-ratio,％,,,False
0000010208,#H0720206,工業専用地域面積比率,industrial-exclusive-area-ratio,％,,,False
0000010208,#H08101,都市公園面積（人口1人当たり）,urban-park-area-per-person,ｍ2,,,False
0000010208,#H08301,都市公園数（可住地面積100km2当たり）,urban-park-count-per-100km2,所,,,False
0000010208,#H08302,街区公園数（可住地面積100km2当たり）,block-park-count-per-100km2,所,,,False
0000010208,#H08303,近隣公園数（可住地面積100km2当たり）,neighborhood-park-count-per-100km2,所,,,False
0000010208,#H08304,運動公園数（可住地面積100km2当たり）,sports-park-count-per-100km2,所,,,False
0000010209,#I0210101,平均身長（小学5年・男）,average-height-primary-school-fifth-grade-male,cm,,,False
0000010209,#I0210102,平均身長（小学5年・女）,average-height-primary-school-fifth-grade-female,cm,,,False
0000010209,#I0210103,平均身長（中学2年・男）,average-height-middle-school-second-grade-male,cm,,,False
0000010209,#I0210104,平均身長（中学2年・女）,average-height-middle-school-second-grade-female,cm,,,False
0000010209,#I0210105,平均身長（高校2年・男）,avg-height-high-school-2nd-male,cm,,,False
0000010209,#I0210106,平均身長（高校2年・女）,average-height-high-school-second-grade-female,cm,,,False
0000010209,#I0210201,平均体重（小学5年・男）,average-weight-primary-school-fifth-grade-male,kg,,,False
0000010209,#I0210202,平均体重（小学5年・女）,average-weight-primary-school-fifth-grade-female,kg,,,False
0000010209,#I0210203,平均体重（中学2年・男）,average-weight-middle-school-second-grade-male,kg,,,False
0000010209,#I0210204,平均体重（中学2年・女）,average-height-middle-school-second-grade-female,kg,,,False
0000010209,#I0210205,平均体重（高校2年・男）,average-weight-high-school-second-grade-male,kg,,,False
0000010209,#I0210206,平均体重（高校2年・女）,average-weight-high-school-second-grade-female,kg,,,False
0000010209,#I04101,一般病院年間新入院患者数（人口千人当たり）,annual-new-inpatients-general-hospital-per-1000,,,,False
0000010209,#I04102,一般病院年間新入院患者数（人口10万人当たり）,annual-new-inpatients-general-hospital-per-100k,人,,,False
0000010209,#I04103,精神科病院年間新入院患者数（人口10万人当たり）,annual-new-inpatients-psychiatric-hospital-per-100k,人,,,False
0000010209,#I04104,通院者率（人口千人当たり）,outpatient-rate-per-1000,‐,,,False
0000010209,#I04105,有訴者率（人口千人当たり）,complainant-rate-per-1000,‐,,,False
0000010209,#I04106,通院者率（人口10万人当たり）,outpatient-rate-per-100k,,,,False
0000010209,#I04107,有訴者率（人口10万人当たり）,complainant-rate-per-100k,,,,False
0000010209,#I0420101,一般病院の1日平均外来患者数（人口千人当たり）,avg-daily-outpatients-general-hospital-per-1000,,,,False
0000010209,#I0420102,一般病院の1日平均外来患者数（人口10万人当たり）,avg-daily-outpatients-general-hospital-per-100k,人,,,False
0000010209,#I0420103,精神科病院の1日平均外来患者数（人口10万人当たり）,avg-daily-outpatients-psychiatric-hospital-per-100k,人,,,False
0000010209,#I0420201,一般病院の1日平均在院患者数（人口千人当たり）,avg-daily-inpatients-general-hospital-per-1000,,,,False
0000010209,#I0420202,一般病院の1日平均在院患者数（人口10万人当たり）,avg-daily-inpatients-general-hospital-per-100k,人,,,False
0000010209,#I0420203,精神科病院の1日平均在院患者数（人口10万人当たり）,avg-daily-inpatients-psychiatric-hospital-per-100k,人,,,False
0000010209,#I0420204,精神科病院の1日平均在院患者数（人口千人当たり）,avg-daily-inpatients-psychiatric-hospital-per-1000,,,,False
0000010209,#I05101,標準化死亡率（基準人口＝昭和5年）（人口千人当たり）,standardized-mortality-rate-per-1000,‐,,,False
0000010209,#I05102,標準化死亡率（基準人口＝昭和5年）（人口10万人当たり）,standardized-mortality-rate-per-100k,,,,False
0000010209,#I0520101,平均余命（0歳・男）,life-expectancy-0-male,年,,,False
0000010209,#I0520102,平均余命（0歳・女）,life-expectancy-0-female,年,,,False
0000010209,#I0520201,平均余命（20歳・男）,average-life-expectancy-male,年,,,False
0000010209,#I0520202,平均余命（20歳・女）,average-life-expectancy-female ,年,,,False
0000010209,#I0520501,平均余命（65歳・男）,life-expectancy-65-male,年,,,False
0000010209,#I0520502,平均余命（65歳・女）,average-life-expectancy-female-65,年,,,False
0000010209,#I06101,生活習慣病による死亡者数（人口10万人当たり）,deaths-lifestyle-diseases-per-100k,人,,,False
0000010209,#I06102,悪性新生物（腫瘍）による死亡者数（人口10万人当たり）,deaths-malignant-neoplasms-per-100k,人,,,False
0000010209,#I06103,糖尿病による死亡者数（人口10万人当たり）,deaths-diabetes-per-100k,人,,,False
0000010209,#I06104,高血圧性疾患による死亡者数（人口10万人当たり）,deaths-hypertensive-diseases-per-100k,人,,,False
0000010209,#I06105,心疾患（高血圧性を除く）による死亡者数（人口10万人当たり）,deaths-heart-disease-excl-hypertensive-per-100k,人,,,False
0000010209,#I06106,脳血管疾患による死亡者数（人口10万人当たり）,deaths-cerebrovascular-disease-per-100k,人,,,False
0000010209,#I06201,自殺者数（人口10万人当たり）,suicides-per-100k,人,,,False
0000010209,#I07101,死産率（出産数千当たり）,stillbirth-rate,‐,,,False
0000010209,#I07102,新生児死亡率（出生数千当たり）,neonatal-mortality-rate-per-1000-births,‐,,,False
0000010209,#I07104,乳児死亡率（出生数千当たり）,infant-mortality-rate-per-1000-births,‐,,,False
0000010209,#I07105,妊娠、分娩及び産じょくによる死亡率（出産数10万当たり）,maternal-mortality-rate-per-100k-births,‐,,,False
0000010209,#I07106,周産期死亡率（出生数千当たり）,perinatal-mortality-rate-per-1000-births,‐,,,False
0000010209,#I07201,2500g未満の出生率（出生数千当たり）,low-birthweight-rate-per-1000-births,‐,,,False
0000010209,#I0821101,病気による小学校長期欠席児童比率（年度間30日以上）（児童千人当たり）,long-absence-primary-school-illness-per-1000,‐,,,False
0000010209,#I0821102,病気による中学校長期欠席生徒比率（年度間30日以上）（生徒千人当たり）,long-absence-middle-school-illness-per-1000,‐,,,False
0000010209,#I0910103,一般病院数（人口10万人当たり）,general-hospital-count-per-100k,施設,,,False
0000010209,#I0910105,一般診療所数（人口10万人当たり）,general-clinic-count-per-100k,施設,,,False
0000010209,#I0910106,歯科診療所数（人口10万人当たり）,dental-clinic-count-per-100k,施設,,,False
0000010209,#I0910107,精神科病院数（人口10万人当たり）,psychiatric-hospital-count-per-100k,施設,,,False
0000010209,#I0910203,一般病院病床数（人口10万人当たり）,general-hospital-bed-count-per-100k,床,,,False
0000010209,#I0910205,精神病床数（人口10万人当たり）,psychiatric-bed-count-per-100k,床,,,False
0000010209,#I0910206,介護療養型医療施設数（65歳以上人口10万人当たり）,long-term-care-medical-facility-count-per-100k-65plus,所,,,False
0000010209,#I0920101,医療施設に従事する医師数（人口10万人当たり）,physicians-in-medical-facilities-per-100k,人,,,False
0000010209,#I0920201,医療施設に従事する歯科医師数（人口10万人当たり）,dentists-in-medical-facilities-per-100k,人,,,False
0000010209,#I0920301,医療施設に従事する看護師・准看護師数（人口10万人当たり）,nurses-in-medical-facilities-per-100k,人,,,False
0000010209,#I0930201,一般病院常勤医師数（100病床当たり）（病院報告）,fulltime-physicians-general-hospital-per-100beds-report,人,,,False
0000010209,#I0930202,一般病院常勤医師数（100病床当たり）,fulltime-physicians-general-hospital-per-100beds,人,,,False
0000010209,#I0930301,一般病院看護師・准看護師数（100病床当たり）（病院報告）,nurses-general-hospital-per-100beds-report,人,,,False
0000010209,#I0930302,一般病院看護師・准看護師数（100病床当たり）,nurses-general-hospital-per-100beds,人,,,False
0000010209,#I09401,公立一般病院数の割合,public-general-hospital-ratio,％,,,False
0000010209,#I09402,公立一般病院病床数の割合,public-general-hospital-bed-ratio,％,,,False
0000010209,#I0950102,一般病院数（可住地面積100km2当たり）,general-hospital-count-per-100km2,施設,,,False
0000010209,#I0950103,一般診療所数（可住地面積100km2当たり）,general-clinic-count-per-100km2,施設,,,False
0000010209,#I0950104,歯科診療所数（可住地面積100km2当たり）,dental-clinic-count-per-100km2,施設,,,False
0000010209,#I10101,一般病院外来患者数（常勤医師1人1日当たり）（病院報告）,outpatients-per-fulltime-physician-per-day-report,人,,,False
0000010209,#I10102,一般病院在院患者数（常勤医師1人1日当たり）（病院報告）,inpatients-per-fulltime-physician-per-day-report,人,,,False
0000010209,#I10103,一般病院在院患者数（看護師・准看護師1人1日当たり）（病院報告）,inpatients-per-nurse-per-day-report,人,,,False
0000010209,#I10104,一般病院病床利用率,general-hospital-bed-occupancy-rate,％,,,False
0000010209,#I10105,一般病院平均在院日数,general-hospital-avg-length-of-stay,日,,,False
0000010209,#I10106,一般病院外来患者数（常勤医師1人1日当たり）,outpatients-per-fulltime-physician-per-day,人,,,False
0000010209,#I10107,一般病院在院患者数（常勤医師1人1日当たり）,inpatients-per-fulltime-physician-per-day,人,,,False
0000010209,#I10108,一般病院在院患者数（看護師・准看護師1人1日当たり）,inpatients-per-nurse-per-day,人,,,False
0000010209,#I10201,精神科病院外来患者数（常勤医師1人1日当たり）（病院報告）,psychiatric-outpatients-per-fulltime-physician-per-day-report,人,,,False
0000010209,#I10202,精神科病院在院患者数（常勤医師1人1日当たり）（病院報告）,psychiatric-inpatients-per-fulltime-physician-per-day-report,人,,,False
0000010209,#I10203,精神科病院在院患者数（看護師・准看護師1人1日当たり）（病院報告）,psychiatric-inpatients-per-nurse-per-day-report,人,,,False
0000010209,#I10204,精神科病院病床利用率,psychiatric-hospital-bed-occupancy-rate,％,,,False
0000010209,#I10205,精神科病院平均在院日数,psychiatric-hospital-avg-length-of-stay,日,,,False
0000010209,#I10206,精神科病院外来患者数（常勤医師1人1日当たり）,psychiatric-outpatients-per-fulltime-physician-per-day,人,,,False
0000010209,#I10207,精神科病院在院患者数（常勤医師1人1日当たり）,psychiatric-inpatients-per-fulltime-physician-per-day,人,,,False
0000010209,#I10208,精神科病院在院患者数（看護師・准看護師1人1日当たり）,psychiatric-inpatients-per-nurse-per-day,人,,,False
0000010209,#I11101,救急告示病院・一般診療所数（人口10万人当たり）,emergency-hospital-general-clinic-count-per-100k,施設,,,False
0000010209,#I11102,救急自動車数（人口10万人当たり）,fire-department-emergency-car-count-per-100k,台,,,False
0000010209,#I11201,年間救急出動件数（人口千人当たり）,annual-emergency-dispatches-per-1000,件,,,False
0000010209,#I12201,保健師数（人口10万人当たり）,public-health-nurse-count-per-100k,人,,,False
0000010209,#I13102,生活習慣病健康診断受診率,health-checkup-rate-lifestyle-diseases,％,,,False
0000010209,#I13201,妊産婦保健指導数（出産数100当たり）,maternal-health-guidance-per-100-births,人,,,False
0000010209,#I13207,歯科健診・保健指導延人員（人口千人当たり）,dental-checkup-guidance-persons-per-1000,人,,,False
0000010209,#I13208,歯科健診受診延人員（人口千人当たり）,dental-checkup-persons-per-1000,人,,,False
0000010209,#I13209,歯科保健指導延人員（人口千人当たり）,dental-guidance-persons-per-1000,人,,,False
0000010209,#I13402,食品営業施設処分件数（千施設当たり）,food-business-facility-penalties-per-1000,件,,,False
0000010209,#I14101,薬局数（人口10万人当たり）,pharmacy-count-per-100k,所,,,False
0000010209,#I14102,医薬品販売業数（人口10万人当たり）,pharmaceutical-sales-count-per-100k,所,,,False
0000010209,#I14201,薬局数（可住地面積100km2当たり）,pharmacy-count-per-100km2,所,,,False
0000010209,#I14202,医薬品販売業数（可住地面積100km2当たり）,pharmaceutical-sales-count-per-100km2,所,,,False
0000010209,#I15101,国民健康保険被保険者数（人口千人当たり）,national-health-insurance-enrollees-per-1000,人,,,False
0000010209,#I15102,国民健康保険受診率（被保険者千人当たり）,national-health-insurance-visit-rate-per-1000,‐,,,False
0000010209,#I15103,国民健康保険診療費（被保険者1人当たり）,national-health-insurance-medical-expense-per-person,円,,,False
0000010209,#I15106,1人当たりの国民医療費,national-medical-expense-per-person,千円,,,False
0000010209,#I15202,全国保険協会管掌健康保険加入者数（人口千人当たり）,japan-health-insurance-society-enrollees-per-1000,人,,,False
0000010209,#I1520301,全国保険協会管掌健康保険受診率（被保険者千人当たり）,japan-health-insurance-society-visit-rate-insured-per-1000,‐,,,False
0000010209,#I1520302,全国保険協会管掌健康保険受診率（被扶養者千人当たり）,japan-health-insurance-society-visit-rate-dependents-per-1000,‐,,,False
0000010209,#I1520401,政府管掌健康保険受診金額（被保険者1人当たり）,govt-health-insurance-visit-expense-insured-per-person,円,,,False
0000010209,#I1520402,政府管掌健康保険受診金額（被扶養者1人当たり）,govt-health-insurance-visit-expense-dependents-per-person,円,,,False
0000010209,#I1520501,全国保険協会管掌健康保険医療費（被保険者1人当たり）,japan-health-insurance-society-medical-expense-insured-per-person,円,,,False
0000010209,#I1520502,全国保険協会管掌健康保険医療費（被扶養者1人当たり）,japan-health-insurance-society-medical-expense-dependents-per-person,円,,,False
